web_scraper_order,web_scraper_start_url,detail_url,title,location,difficulty_level,duration,distance,physical_demand,ascent,descent,target_group,season,recommended_period
"1763920249-1","https://www.schweizer-wanderwege.ch/de/wandervorschlaege/?criteria%5Bfulltext%5D=&criteria%5Bseasons%5D%5B0%5D=68&criteria%5Bregions%5D%5B0%5D=4&page=5","https://www.schweizer-wanderwege.ch/de/wandervorschlaege/31/Alpen-OL-auf-dem-Niederhorn","Alpen-OL auf dem Niederhorn","Berghaus Niederhorn","","45min","2.8km","tief","10m","365m","Zyklus 1 (Grundschule / 6 - 9 Jahre alt), Zyklus 2 (Mittelstufe / 10 - 12 Jahre alt), Zyklus 3 (Oberstufe / 13 - 16 Jahre alt)","Sommer",""
"1763920251-2","https://www.schweizer-wanderwege.ch/de/wandervorschlaege/?criteria%5Bfulltext%5D=&criteria%5Bseasons%5D%5B0%5D=68&criteria%5Bregions%5D%5B0%5D=4&page=5","https://www.schweizer-wanderwege.ch/de/wandervorschlaege/1/Spielen-am-Bach-und-Brateln-im-Suldtal","Spielen am Bach und Bräteln im Suldtal","Spiez","","","2m","tief","","","Zyklus 1 (Grundschule / 6 - 9 Jahre alt), Zyklus 2 (Mittelstufe / 10 - 12 Jahre alt)","Sommer",""
"1763920254-3","https://www.schweizer-wanderwege.ch/de/wandervorschlaege/?criteria%5Bfulltext%5D=&criteria%5Bseasons%5D%5B0%5D=68&criteria%5Bregions%5D%5B0%5D=4&page=5","https://www.schweizer-wanderwege.ch/de/wandervorschlaege/45/Schatzsuche-Trail","Schatzsuche Trail","Aeschi b. Spiez","","","1m","hoch","","","Zyklus 1 (Grundschule / 6 - 9 Jahre alt), Zyklus 2 (Mittelstufe / 10 - 12 Jahre alt)","Sommer",""
"1763920256-4","https://www.schweizer-wanderwege.ch/de/wandervorschlaege/?criteria%5Bfulltext%5D=&criteria%5Bseasons%5D%5B0%5D=68&criteria%5Bregions%5D%5B0%5D=4&page=5","https://www.schweizer-wanderwege.ch/de/wandervorschlaege/59/Seilpark-Interlaken","Seilpark Interlaken","Interlaken","","","","hoch","","","Zyklus 1 (Grundschule / 6 - 9 Jahre alt), Zyklus 2 (Mittelstufe / 10 - 12 Jahre alt), Zyklus 3 (Oberstufe / 13 - 16 Jahre alt)","Sommer",""
"1763920258-5","https://www.schweizer-wanderwege.ch/de/wandervorschlaege/?criteria%5Bfulltext%5D=&criteria%5Bseasons%5D%5B0%5D=68&criteria%5Bregions%5D%5B0%5D=4&page=5","https://www.schweizer-wanderwege.ch/de/wandervorschlaege/30/Besuch-im-Tipicamp-Berner-Oberland","Besuch im Tipicamp Berner Oberland","Primarschule Aeschiried","","","","tief","","","Zyklus 1 (Grundschule / 6 - 9 Jahre alt), Zyklus 2 (Mittelstufe / 10 - 12 Jahre alt), Zyklus 3 (Oberstufe / 13 - 16 Jahre alt)","Sommer",""
"1763920261-6","https://www.schweizer-wanderwege.ch/de/wandervorschlaege/?criteria%5Bfulltext%5D=&criteria%5Bseasons%5D%5B0%5D=68&criteria%5Bregions%5D%5B0%5D=4&page=5","https://www.schweizer-wanderwege.ch/de/wandervorschlaege/634/Dem-See-entlang-von-Gwatt-nach-Spiez","Dem See entlang von Gwatt nach Spiez","Busstation Gwattzentrum
                                                                    — Spiez
                                                                                                    • BE","","2h 15min","8.6km","tief","240m","175m","für Familien","Sommer",""
"1763920263-7","https://www.schweizer-wanderwege.ch/de/wandervorschlaege/?criteria%5Bfulltext%5D=&criteria%5Bseasons%5D%5B0%5D=68&criteria%5Bregions%5D%5B0%5D=4&page=5","https://www.schweizer-wanderwege.ch/de/wandervorschlaege/2035/Wanderung-zu-den-roten-Quellen-im-Naturpark-Diemtigtal","Wanderung zu den roten Quellen im Naturpark Diemtigtal","Schwenden i.D., Grimmialp
                                                                                                    • BE","T2","3h 50min","11.5km","mittel","685m","690m","","Sommer","Juni - Oktober"
"1763920266-8","https://www.schweizer-wanderwege.ch/de/wandervorschlaege/?criteria%5Bfulltext%5D=&criteria%5Bseasons%5D%5B0%5D=68&criteria%5Bregions%5D%5B0%5D=4&page=5","https://www.schweizer-wanderwege.ch/de/wandervorschlaege/2276/Nachmittagsrunde-an-der-Alp-Grindel","Nachmittagsrunde an der Alp Grindel","Gschwandtenmaad
                                                                                                    • BE","T2","2h 15min","4.7km","mittel","465m","465m","","Sommer","Juli - September"
"1763920268-9","https://www.schweizer-wanderwege.ch/de/wandervorschlaege/?criteria%5Bfulltext%5D=&criteria%5Bseasons%5D%5B0%5D=68&criteria%5Bregions%5D%5B0%5D=4&page=5","https://www.schweizer-wanderwege.ch/de/wandervorschlaege/2727/Bootsfahrt-auf-der-Aare","Bootsfahrt auf der Aare","Bern
                                                                                                    • BE","","0min","107m","tief","0m","","Zyklus 1 (Grundschule / 6 - 9 Jahre alt), Zyklus 2 (Mittelstufe / 10 - 12 Jahre alt), Zyklus 3 (Oberstufe / 13 - 16 Jahre alt)","Sommer",""
"1763920271-10","https://www.schweizer-wanderwege.ch/de/wandervorschlaege/?criteria%5Bfulltext%5D=&criteria%5Bseasons%5D%5B0%5D=68&criteria%5Bregions%5D%5B0%5D=4&page=5","https://www.schweizer-wanderwege.ch/de/wandervorschlaege/2729/Einheimische-Baukultur-im-Niedersimmental","Einheimische Baukultur im Niedersimmental","Därstetten
                                                                    — Erlenbach i.S.
                                                                                                    • BE","T2","2h 30min","8km","mittel","390m","465m","für Familien","Sommer","April - Oktober"
"1763920273-11","https://www.schweizer-wanderwege.ch/de/wandervorschlaege/?criteria%5Bfulltext%5D=&criteria%5Bseasons%5D%5B0%5D=68&criteria%5Bregions%5D%5B0%5D=4&page=5","https://www.schweizer-wanderwege.ch/de/wandervorschlaege/3052/Mountain-View-Trail","Mountain View Trail","Lauterbrunnen-Grütschalp
                                                                    — Allmendhubel (Standseilbahn)
                                                                                                    • BE","","2h 0min","5.1km","hoch","530m","110m","Zyklus 1 (Grundschule / 6 - 9 Jahre alt), Zyklus 2 (Mittelstufe / 10 - 12 Jahre alt), Zyklus 3 (Oberstufe / 13 - 16 Jahre alt)","Sommer",""
"1763920276-12","https://www.schweizer-wanderwege.ch/de/wandervorschlaege/?criteria%5Bfulltext%5D=&criteria%5Bseasons%5D%5B0%5D=68&criteria%5Bregions%5D%5B0%5D=4&page=5","https://www.schweizer-wanderwege.ch/de/wandervorschlaege/3141/Chugeli-Trail-Aeschi","Chugeli-Trail Aeschi","Aeschiried, Schulhaus
                                                                    — Aeschi b. Spiez
                                                                                                    • BE","","1h 10min","4.7km","tief","50m","205m","Zyklus 1 (Grundschule / 6 - 9 Jahre alt), Zyklus 2 (Mittelstufe / 10 - 12 Jahre alt)","Sommer",""
"1763920278-13","https://www.schweizer-wanderwege.ch/de/wandervorschlaege/?criteria%5Bfulltext%5D=&criteria%5Bseasons%5D%5B0%5D=68&criteria%5Bregions%5D%5B0%5D=4&page=5","https://www.schweizer-wanderwege.ch/de/wandervorschlaege/3462/Wanderung-uber-das-Morgenberghorn","Wanderung über das Morgenberghorn","Saxeten, Schulhaus
                                                                    — Aeschiried, Suld Pochtenfall
                                                                                                    • BE","T4","5h 50min","11.1km","hoch","1245m","1280m","für schwindelfreie Menschen","Sommer","Juli - September"
"1763920280-14","https://www.schweizer-wanderwege.ch/de/wandervorschlaege/?criteria%5Bfulltext%5D=&criteria%5Bseasons%5D%5B0%5D=68&criteria%5Bregions%5D%5B0%5D=4&page=5","https://www.schweizer-wanderwege.ch/de/wandervorschlaege/78/Rund-um-den-Gantrisch","Rund um den Gantrisch","Gurnigel, Wasserscheidi
                                                                    — Untere Gantrischhütte
                                                                                                    • BE","","3h 35min","9.4km","mittel","675m","750m","","Sommer",""
"1763920283-15","https://www.schweizer-wanderwege.ch/de/wandervorschlaege/?criteria%5Bfulltext%5D=&criteria%5Bseasons%5D%5B0%5D=68&criteria%5Bregions%5D%5B0%5D=4&page=5","https://www.schweizer-wanderwege.ch/de/wandervorschlaege/147/Wiriehore","Wiriehore","Nüegg
                                                                                                    • BE","","4h 55min","11.7km","hoch","1000m","995m","","Sommer",""
"1763920285-16","https://www.schweizer-wanderwege.ch/de/wandervorschlaege/?criteria%5Bfulltext%5D=&criteria%5Bseasons%5D%5B0%5D=68&criteria%5Bregions%5D%5B0%5D=4&page=5","https://www.schweizer-wanderwege.ch/de/wandervorschlaege/205/Ums-Brienzer-Rothorn","Ums Brienzer Rothorn","Brienzer Rothorn
                                                                                                    • BE","","5h 45min","14.1km","hoch","1020m","1020m","","Sommer",""
"1763920287-17","https://www.schweizer-wanderwege.ch/de/wandervorschlaege/?criteria%5Bfulltext%5D=&criteria%5Bseasons%5D%5B0%5D=68&criteria%5Bregions%5D%5B0%5D=4&page=5","https://www.schweizer-wanderwege.ch/de/wandervorschlaege/225/Mineralwasser-Adelboden","Mineralwasser Adelboden","Adelboden, Mineralquelle
                                                                    — Adelboden
                                                                                                    • BE","","2h 30min","7.5km","mittel","380m","300m","für Familien","Sommer","Mai - Oktober"
"1763920290-18","https://www.schweizer-wanderwege.ch/de/wandervorschlaege/?criteria%5Bfulltext%5D=&criteria%5Bseasons%5D%5B0%5D=68&criteria%5Bregions%5D%5B0%5D=4&page=5","https://www.schweizer-wanderwege.ch/de/wandervorschlaege/279/Eigertrail","Eigertrail","Kleine Scheidegg
                                                                    — Brandegg
                                                                                                    • BE","T2","3h 20min","9.9km","mittel","370m","1100m","für Familien","Sommer","Juni - September"
"1763920292-19","https://www.schweizer-wanderwege.ch/de/wandervorschlaege/?criteria%5Bfulltext%5D=&criteria%5Bseasons%5D%5B0%5D=68&criteria%5Bregions%5D%5B0%5D=4&page=5","https://www.schweizer-wanderwege.ch/de/wandervorschlaege/291/Prix-Rando","Prix Rando","Bort
                                                                    — Grindelwald
                                                                                                    • BE","","2h 30min","9.1km","mittel","195m","720m","für Familien","Sommer","Mai - Oktober"
"1763920297-20","https://www.schweizer-wanderwege.ch/de/wandervorschlaege/?criteria%5Bfulltext%5D=&criteria%5Bseasons%5D%5B0%5D=68&criteria%5Bregions%5D%5B0%5D=4&page=4","https://www.schweizer-wanderwege.ch/de/wandervorschlaege/328/Thunersee-Hohgant","Thunersee-Hohgant","Habkern
                                                                    — Niederhorn
                                                                                                    • BE","","4h 30min","9.8km","hoch","1210m","380m","für schwindelfreie Menschen","Sommer","Mai - Oktober"
"1763920299-21","https://www.schweizer-wanderwege.ch/de/wandervorschlaege/?criteria%5Bfulltext%5D=&criteria%5Bseasons%5D%5B0%5D=68&criteria%5Bregions%5D%5B0%5D=4&page=4","https://www.schweizer-wanderwege.ch/de/wandervorschlaege/347/Auf-dem-Grimsel-Kristallweg","Auf dem Grimsel-Kristallweg","Grimsel Hospiz
                                                                    — Handegg
                                                                                                    • BE","","2h 25min","8.2km","mittel","210m","770m","für Familien","Sommer",""
"1763920301-22","https://www.schweizer-wanderwege.ch/de/wandervorschlaege/?criteria%5Bfulltext%5D=&criteria%5Bseasons%5D%5B0%5D=68&criteria%5Bregions%5D%5B0%5D=4&page=4","https://www.schweizer-wanderwege.ch/de/wandervorschlaege/358/Aufs-Stockhorn","Aufs Stockhorn","Chrindi
                                                                    — Stockhorn
                                                                                                    • BE","","2h 55min","6.4km","hoch","780m","235m","für schwindelfreie Menschen","Sommer",""
"1763920304-23","https://www.schweizer-wanderwege.ch/de/wandervorschlaege/?criteria%5Bfulltext%5D=&criteria%5Bseasons%5D%5B0%5D=68&criteria%5Bregions%5D%5B0%5D=4&page=4","https://www.schweizer-wanderwege.ch/de/wandervorschlaege/408/Wurstwandern","Wurstwandern","Erlenbach im S.
                                                                    — Riedli
                                                                                                    • BE","T1","3h 45min","11km","mittel","745m","435m","","Sommer",""
"1763920306-24","https://www.schweizer-wanderwege.ch/de/wandervorschlaege/?criteria%5Bfulltext%5D=&criteria%5Bseasons%5D%5B0%5D=68&criteria%5Bregions%5D%5B0%5D=4&page=4","https://www.schweizer-wanderwege.ch/de/wandervorschlaege/404/Elsigenalp","Elsigenalp","Undere Elsige
                                                                                                    • BE","","2h 50min","7.3km","mittel","560m","560m","","Sommer",""
"1763920308-25","https://www.schweizer-wanderwege.ch/de/wandervorschlaege/?criteria%5Bfulltext%5D=&criteria%5Bseasons%5D%5B0%5D=68&criteria%5Bregions%5D%5B0%5D=4&page=4","https://www.schweizer-wanderwege.ch/de/wandervorschlaege/436/Aussichtspunkt-Golitschepass","Aussichtspunkt Golitschepass","Undere Elsige
                                                                                                    • BE","","2h 45min","6.9km","mittel","545m","545m","für Familien","Sommer",""
"1763920310-26","https://www.schweizer-wanderwege.ch/de/wandervorschlaege/?criteria%5Bfulltext%5D=&criteria%5Bseasons%5D%5B0%5D=68&criteria%5Bregions%5D%5B0%5D=4&page=4","https://www.schweizer-wanderwege.ch/de/wandervorschlaege/464/Seen-und-Schifffahrt","Seen und Schifffahrt","Interlaken Ost
                                                                    — Giessbach Schiffstation
                                                                                                    • BE","T1","3h 55min","14.8km","mittel","315m","315m","für Familien","Sommer","April - Oktober"
"1763920313-27","https://www.schweizer-wanderwege.ch/de/wandervorschlaege/?criteria%5Bfulltext%5D=&criteria%5Bseasons%5D%5B0%5D=68&criteria%5Bregions%5D%5B0%5D=4&page=4","https://www.schweizer-wanderwege.ch/de/wandervorschlaege/476/Axalp","Axalp","Axalp
                                                                    — First
                                                                                                    • BE","","4h 10min","10.8km","hoch","1005m","380m","","Sommer",""
"1763920315-28","https://www.schweizer-wanderwege.ch/de/wandervorschlaege/?criteria%5Bfulltext%5D=&criteria%5Bseasons%5D%5B0%5D=68&criteria%5Bregions%5D%5B0%5D=4&page=4","https://www.schweizer-wanderwege.ch/de/wandervorschlaege/474/Wasserfalle","Wasserfälle","Lauterbrunnen
                                                                    — Rütti
                                                                                                    • BE","T2","2h 30min","8.6km","mittel","340m","220m","","Sommer","Mai - Oktober"
"1763920317-29","https://www.schweizer-wanderwege.ch/de/wandervorschlaege/?criteria%5Bfulltext%5D=&criteria%5Bseasons%5D%5B0%5D=68&criteria%5Bregions%5D%5B0%5D=4&page=4","https://www.schweizer-wanderwege.ch/de/wandervorschlaege/488/Zimmermannskunst","Zimmermannskunst","Boltigen
                                                                    — Erlenbach im S.
                                                                                                    • BE","T1","4h 50min","17.2km","hoch","525m","660m","","Sommer","Mai - Oktober"
"1763920319-30","https://www.schweizer-wanderwege.ch/de/wandervorschlaege/?criteria%5Bfulltext%5D=&criteria%5Bseasons%5D%5B0%5D=68&criteria%5Bregions%5D%5B0%5D=4&page=4","https://www.schweizer-wanderwege.ch/de/wandervorschlaege/506/Gefrorenes-Wasser","Gefrorenes Wasser","Chanderbrügg
                                                                    — Allmendingen
                                                                                                    • BE","","1h 45min","6.7km","tief","125m","120m","für Familien","Sommer",""
"1763920322-31","https://www.schweizer-wanderwege.ch/de/wandervorschlaege/?criteria%5Bfulltext%5D=&criteria%5Bseasons%5D%5B0%5D=68&criteria%5Bregions%5D%5B0%5D=4&page=4","https://www.schweizer-wanderwege.ch/de/wandervorschlaege/502/Hinteres-Lauterbrunnental","Hinteres Lauterbrunnental","Griesalp
                                                                    — Mürren
                                                                                                    • BE","","7h 5min","18.6km","hoch","1535m","1305m","","Sommer",""
"1763920324-32","https://www.schweizer-wanderwege.ch/de/wandervorschlaege/?criteria%5Bfulltext%5D=&criteria%5Bseasons%5D%5B0%5D=68&criteria%5Bregions%5D%5B0%5D=4&page=4","https://www.schweizer-wanderwege.ch/de/wandervorschlaege/514/Echter-Genuss-im-Emmental","Echter Genuss im Emmental","Eggiwil
                                                                    — Trubschachen
                                                                                                    • BE","","4h 25min","14.5km","hoch","700m","705m","","Sommer",""
"1763920327-33","https://www.schweizer-wanderwege.ch/de/wandervorschlaege/?criteria%5Bfulltext%5D=&criteria%5Bseasons%5D%5B0%5D=68&criteria%5Bregions%5D%5B0%5D=4&page=4","https://www.schweizer-wanderwege.ch/de/wandervorschlaege/525/Dem-Jaunbach-entlang-1","Dem Jaunbach entlang 1","Rellerligrat
                                                                    — Musersbergli
                                                                                                    • BE","","5h 10min","15.5km","hoch","795m","1055m","","Sommer",""
"1763920330-34","https://www.schweizer-wanderwege.ch/de/wandervorschlaege/?criteria%5Bfulltext%5D=&criteria%5Bseasons%5D%5B0%5D=68&criteria%5Bregions%5D%5B0%5D=4&page=4","https://www.schweizer-wanderwege.ch/de/wandervorschlaege/522/Spukwanderung","Spukwanderung","Trubschachen
                                                                    — Trub
                                                                                                    • BE","","2h 45min","8.9km","mittel","420m","340m","für Familien","Sommer",""
"1763920332-35","https://www.schweizer-wanderwege.ch/de/wandervorschlaege/?criteria%5Bfulltext%5D=&criteria%5Bseasons%5D%5B0%5D=68&criteria%5Bregions%5D%5B0%5D=4&page=4","https://www.schweizer-wanderwege.ch/de/wandervorschlaege/569/Der-Grat-uber-Adelboden","Der Grat über Adelboden","Tschentenalp
                                                                    — Sillerenbühl
                                                                                                    • BE","","5h 15min","12.7km","hoch","1090m","1050m","für schwindelfreie Menschen","Sommer",""
"1763920335-36","https://www.schweizer-wanderwege.ch/de/wandervorschlaege/?criteria%5Bfulltext%5D=&criteria%5Bseasons%5D%5B0%5D=68&criteria%5Bregions%5D%5B0%5D=4&page=4","https://www.schweizer-wanderwege.ch/de/wandervorschlaege/601/Hochmoor-Chaltenbrunnen","Hochmoor Chaltenbrunnen","Hst. Kaltenbrunnen
                                                                    — Meiringen
                                                                                                    • BE","","5h 15min","16.8km","hoch","775m","1385m","","Sommer",""
"1763920337-37","https://www.schweizer-wanderwege.ch/de/wandervorschlaege/?criteria%5Bfulltext%5D=&criteria%5Bseasons%5D%5B0%5D=68&criteria%5Bregions%5D%5B0%5D=4&page=4","https://www.schweizer-wanderwege.ch/de/wandervorschlaege/616/Auf-das-Diemtigtaler-Wahrzeichen","Auf das Diemtigtaler Wahrzeichen","Nüegg
                                                                                                    • BE","","4h 55min","11.8km","hoch","1035m","1030m","","Sommer",""
"1763920339-38","https://www.schweizer-wanderwege.ch/de/wandervorschlaege/?criteria%5Bfulltext%5D=&criteria%5Bseasons%5D%5B0%5D=68&criteria%5Bregions%5D%5B0%5D=4&page=4","https://www.schweizer-wanderwege.ch/de/wandervorschlaege/644/Langste-Treppe-der-Welt","Längste Treppe der Welt","Mülenen
                                                                    — Niesen
                                                                                                    • BE","","4h 45min","7.9km","hoch","1660m","10m","für schwindelfreie Menschen","Sommer",""
"1763920341-39","https://www.schweizer-wanderwege.ch/de/wandervorschlaege/?criteria%5Bfulltext%5D=&criteria%5Bseasons%5D%5B0%5D=68&criteria%5Bregions%5D%5B0%5D=4&page=4","https://www.schweizer-wanderwege.ch/de/wandervorschlaege/667/Durchs-Naturparadies-auf-die-Alp","Durchs Naturparadies auf die Alp","Aeschiried
                                                                                                    • BE","T2","4h 45min","13km","hoch","895m","895m","","Sommer","April - Oktober"
"1763920345-40","https://www.schweizer-wanderwege.ch/de/wandervorschlaege/?criteria%5Bfulltext%5D=&criteria%5Bseasons%5D%5B0%5D=68&criteria%5Bregions%5D%5B0%5D=4&page=4","https://www.schweizer-wanderwege.ch/de/wandervorschlaege/691/Durchs-Hintere-Lauterbrunnental","Durchs Hintere Lauterbrunnental","Gimmelwald (Schilthornbahn)
                                                                    — Stechelberg, Hotel
                                                                                                    • BE","","7h 10min","17.3km","hoch","1310m","1765m","","Sommer",""
"1763920348-41","https://www.schweizer-wanderwege.ch/de/wandervorschlaege/?criteria%5Bfulltext%5D=&criteria%5Bseasons%5D%5B0%5D=68&criteria%5Bregions%5D%5B0%5D=4&page=4","https://www.schweizer-wanderwege.ch/de/wandervorschlaege/679/Von-Meiringen-auf-die-Schwarzwaldalp-BE","Von Meiringen auf die Schwarzwaldalp (BE)","Bergstation Reichenbachfall
                                                                    — Hotel Schwarzwaldalp
                                                                                                    • BE","","2h 35min","7.7km","mittel","670m","70m","für Familien","Sommer",""
"1763920350-42","https://www.schweizer-wanderwege.ch/de/wandervorschlaege/?criteria%5Bfulltext%5D=&criteria%5Bseasons%5D%5B0%5D=68&criteria%5Bregions%5D%5B0%5D=4&page=4","https://www.schweizer-wanderwege.ch/de/wandervorschlaege/780/Vom-Gadmertal-ins-Gental","Vom Gadmertal ins Gental","Tällihütte
                                                                    — Engstlenalp
                                                                                                    • BE","","3h 10min","7.8km","mittel","615m","495m","","Sommer",""
"1763920352-43","https://www.schweizer-wanderwege.ch/de/wandervorschlaege/?criteria%5Bfulltext%5D=&criteria%5Bseasons%5D%5B0%5D=68&criteria%5Bregions%5D%5B0%5D=4&page=4","https://www.schweizer-wanderwege.ch/de/wandervorschlaege/834/Auf-mystischem-Boden","Auf mystischem Boden","Saxeten, Schulhaus
                                                                    — Sulwald
                                                                                                    • BE","","4h 40min","12km","hoch","1060m","650m","für schwindelfreie Menschen","Sommer",""
"1763920357-44","https://www.schweizer-wanderwege.ch/de/wandervorschlaege/?criteria%5Bfulltext%5D=&criteria%5Bseasons%5D%5B0%5D=68&criteria%5Bregions%5D%5B0%5D=4&page=3","https://www.schweizer-wanderwege.ch/de/wandervorschlaege/832/Pioniere-in-der-Grimsel","Pioniere in der Grimsel","Räterichsboden
                                                                                                    • BE","","4h 20min","8.3km","mittel","640m","635m","für Familien","Sommer",""
"1763920360-45","https://www.schweizer-wanderwege.ch/de/wandervorschlaege/?criteria%5Bfulltext%5D=&criteria%5Bseasons%5D%5B0%5D=68&criteria%5Bregions%5D%5B0%5D=4&page=3","https://www.schweizer-wanderwege.ch/de/wandervorschlaege/831/Im-Zeichen-des-Wassers","Im Zeichen des Wassers","Restaurant Simmenfälle
                                                                                                    • BE","","5h 5min","10.8km","hoch","1070m","1070m","","Sommer",""
"1763920362-46","https://www.schweizer-wanderwege.ch/de/wandervorschlaege/?criteria%5Bfulltext%5D=&criteria%5Bseasons%5D%5B0%5D=68&criteria%5Bregions%5D%5B0%5D=4&page=3","https://www.schweizer-wanderwege.ch/de/wandervorschlaege/829/Eindruckliche-Saxetenschlucht","Eindrückliche Saxetenschlucht","Wilderswil
                                                                                                    • BE","","4h 10min","11.4km","mittel","790m","790m","","Sommer",""
"1763920364-47","https://www.schweizer-wanderwege.ch/de/wandervorschlaege/?criteria%5Bfulltext%5D=&criteria%5Bseasons%5D%5B0%5D=68&criteria%5Bregions%5D%5B0%5D=4&page=3","https://www.schweizer-wanderwege.ch/de/wandervorschlaege/826/Das-Kreuz-immer-im-Blick","Das Kreuz immer im Blick","Laubbärgli
                                                                    — Restaurant Simmenfälle
                                                                                                    • BE","","4h 55min","13.7km","hoch","725m","1465m","","Sommer",""
"1763920367-48","https://www.schweizer-wanderwege.ch/de/wandervorschlaege/?criteria%5Bfulltext%5D=&criteria%5Bseasons%5D%5B0%5D=68&criteria%5Bregions%5D%5B0%5D=4&page=3","https://www.schweizer-wanderwege.ch/de/wandervorschlaege/847/Rund-um-die-Sibe-Hangste","Rund um die Sibe Hängste","Innereriz
                                                                                                    • BE","","8h 30min","20.7km","hoch","1420m","1420m","","Sommer",""
"1763920369-49","https://www.schweizer-wanderwege.ch/de/wandervorschlaege/?criteria%5Bfulltext%5D=&criteria%5Bseasons%5D%5B0%5D=68&criteria%5Bregions%5D%5B0%5D=4&page=3","https://www.schweizer-wanderwege.ch/de/wandervorschlaege/860/Ein-frevelnder-Jager-im-Kiental-BE","Ein frevelnder Jäger im Kiental BE","Griesalp
                                                                                                    • BE","","3h 40min","9.6km","mittel","740m","740m","für Familien","Sommer",""
"1763920371-50","https://www.schweizer-wanderwege.ch/de/wandervorschlaege/?criteria%5Bfulltext%5D=&criteria%5Bseasons%5D%5B0%5D=68&criteria%5Bregions%5D%5B0%5D=4&page=3","https://www.schweizer-wanderwege.ch/de/wandervorschlaege/875/Brienzer-Rothorn","Brienzer Rothorn","Glaubenbielen
                                                                    — Brienzer Rothorn
                                                                                                    • OW","","4h 30min","10.7km","hoch","1160m","475m","für schwindelfreie Menschen","Sommer",""
"1763920374-51","https://www.schweizer-wanderwege.ch/de/wandervorschlaege/?criteria%5Bfulltext%5D=&criteria%5Bseasons%5D%5B0%5D=68&criteria%5Bregions%5D%5B0%5D=4&page=3","https://www.schweizer-wanderwege.ch/de/wandervorschlaege/930/Auf-dem-Steinbock-Trek-aufs-Rothorn","Auf dem Steinbock-Trek aufs Rothorn","Rossweid
                                                                    — Bergstation Rothornbahn
                                                                                                    • LU","","2h 45min","5.9km","hoch","930m","100m","für schwindelfreie Menschen","Sommer",""
"1763920376-52","https://www.schweizer-wanderwege.ch/de/wandervorschlaege/?criteria%5Bfulltext%5D=&criteria%5Bseasons%5D%5B0%5D=68&criteria%5Bregions%5D%5B0%5D=4&page=3","https://www.schweizer-wanderwege.ch/de/wandervorschlaege/978/Nahe-den-Naturgewalten-1","Nahe den Naturgewalten 1","Rosenlaui
                                                                    — Kaltenbrunnensäge
                                                                                                    • BE","","3h 25min","8.5km","mittel","635m","790m","für schwindelfreie Menschen","Sommer",""
"1763920378-53","https://www.schweizer-wanderwege.ch/de/wandervorschlaege/?criteria%5Bfulltext%5D=&criteria%5Bseasons%5D%5B0%5D=68&criteria%5Bregions%5D%5B0%5D=4&page=3","https://www.schweizer-wanderwege.ch/de/wandervorschlaege/996/Dem-Brunig-entgegen","Dem Brünig entgegen","Hasliberg Reuti
                                                                    — Brünigpass
                                                                                                    • BE","T1","2h 45min","10km","mittel","385m","445m","für Familien","Sommer","Mai - Oktober"
"1763920380-54","https://www.schweizer-wanderwege.ch/de/wandervorschlaege/?criteria%5Bfulltext%5D=&criteria%5Bseasons%5D%5B0%5D=68&criteria%5Bregions%5D%5B0%5D=4&page=3","https://www.schweizer-wanderwege.ch/de/wandervorschlaege/994/Dem-Brunig-entgegen-2","Dem Brünig entgegen 2","Oberschwanden
                                                                    — Brünigpass
                                                                                                    • BE","","7h 0min","16.8km","hoch","1550m","1265m","für schwindelfreie Menschen","Sommer",""
"1763920383-55","https://www.schweizer-wanderwege.ch/de/wandervorschlaege/?criteria%5Bfulltext%5D=&criteria%5Bseasons%5D%5B0%5D=68&criteria%5Bregions%5D%5B0%5D=4&page=3","https://www.schweizer-wanderwege.ch/de/wandervorschlaege/993/Dem-Brunig-entgegen-1","Dem Brünig entgegen 1","Käserstatt
                                                                    — Brünigpass
                                                                                                    • BE","","3h 35min","11.4km","mittel","305m","1135m","","Sommer",""
"1763920385-56","https://www.schweizer-wanderwege.ch/de/wandervorschlaege/?criteria%5Bfulltext%5D=&criteria%5Bseasons%5D%5B0%5D=68&criteria%5Bregions%5D%5B0%5D=4&page=3","https://www.schweizer-wanderwege.ch/de/wandervorschlaege/985/Nahe-den-Naturgewalten","Nahe den Naturgewalten","Meiringen
                                                                                                    • BE","T1","3h 5min","10.3km","mittel","435m","435m","","Sommer","Mai - Oktober"
"1763920388-57","https://www.schweizer-wanderwege.ch/de/wandervorschlaege/?criteria%5Bfulltext%5D=&criteria%5Bseasons%5D%5B0%5D=68&criteria%5Bregions%5D%5B0%5D=4&page=3","https://www.schweizer-wanderwege.ch/de/wandervorschlaege/984/Sonnentau-auf-der-Grimsel","Sonnentau auf der Grimsel","Grimsel Hospiz
                                                                                                    • BE","","5h 0min","15.7km","hoch","725m","725m","","Sommer",""
"1763920390-58","https://www.schweizer-wanderwege.ch/de/wandervorschlaege/?criteria%5Bfulltext%5D=&criteria%5Bseasons%5D%5B0%5D=68&criteria%5Bregions%5D%5B0%5D=4&page=3","https://www.schweizer-wanderwege.ch/de/wandervorschlaege/1035/Zwischen-uppig-Grun-und-steinig-Grau","Zwischen üppig Grün und steinig Grau","Restaurant Simmenfälle
                                                                    — Engstligenalp
                                                                                                    • BE","","5h 10min","11.7km","hoch","1440m","580m","für schwindelfreie Menschen","Sommer",""
"1763920393-59","https://www.schweizer-wanderwege.ch/de/wandervorschlaege/?criteria%5Bfulltext%5D=&criteria%5Bseasons%5D%5B0%5D=68&criteria%5Bregions%5D%5B0%5D=4&page=3","https://www.schweizer-wanderwege.ch/de/wandervorschlaege/1030/Magie-aus-acht-Jahrhunderten-am-Thunersee","Magie aus acht Jahrhunderten am Thunersee","Thun
                                                                    — Oberhofen a. T.
                                                                                                    • BE","","2h 40min","9.3km","mittel","410m","410m","für Familien","Sommer",""
"1763920395-60","https://www.schweizer-wanderwege.ch/de/wandervorschlaege/?criteria%5Bfulltext%5D=&criteria%5Bseasons%5D%5B0%5D=68&criteria%5Bregions%5D%5B0%5D=4&page=3","https://www.schweizer-wanderwege.ch/de/wandervorschlaege/1081/Zum-Thuner-Aussichtsberg","Zum Thuner Aussichtsberg","Chrindi (Mittelstation)
                                                                    — Stockhorn
                                                                                                    • BE","","2h 40min","5.8km","hoch","670m","165m","für Familien","Sommer","Mai - Oktober"
"1763920397-61","https://www.schweizer-wanderwege.ch/de/wandervorschlaege/?criteria%5Bfulltext%5D=&criteria%5Bseasons%5D%5B0%5D=68&criteria%5Bregions%5D%5B0%5D=4&page=3","https://www.schweizer-wanderwege.ch/de/wandervorschlaege/1122/Hoch-uber-dem-Gletscher","Hoch über dem Gletscher","Griesalp
                                                                                                    • BE","","8h 15min","16.4km","hoch","1325m","1330m","für schwindelfreie Menschen","Sommer","Juni - Oktober"
"1763920400-62","https://www.schweizer-wanderwege.ch/de/wandervorschlaege/?criteria%5Bfulltext%5D=&criteria%5Bseasons%5D%5B0%5D=68&criteria%5Bregions%5D%5B0%5D=4&page=3","https://www.schweizer-wanderwege.ch/de/wandervorschlaege/1128/Huttenwandern-im-Sustengebiet","Hüttenwandern im Sustengebiet","Gadmen, Fuhren
                                                                    — Guttannen
                                                                                                    • BE","","8h 50min","18km","hoch","1835m","1925m","","Sommer","Juni - Oktober"
"1763920402-63","https://www.schweizer-wanderwege.ch/de/wandervorschlaege/?criteria%5Bfulltext%5D=&criteria%5Bseasons%5D%5B0%5D=68&criteria%5Bregions%5D%5B0%5D=4&page=3","https://www.schweizer-wanderwege.ch/de/wandervorschlaege/1149/Seebergsee-die-Perle-des-Diemtigtals","Seebergsee - die Perle des Diemtigtals","Zwischenflüh, Anger
                                                                    — Schwenden i. D.
                                                                                                    • BE","","5h 15min","15.2km","hoch","940m","855m","","Sommer","Mai - Oktober"
"1763920404-64","https://www.schweizer-wanderwege.ch/de/wandervorschlaege/?criteria%5Bfulltext%5D=&criteria%5Bseasons%5D%5B0%5D=68&criteria%5Bregions%5D%5B0%5D=4&page=3","https://www.schweizer-wanderwege.ch/de/wandervorschlaege/1161/Das-Saanenland-von-oben","Das Saanenland von oben","Gsteig
                                                                    — Lauenensee
                                                                                                    • BE","","4h 45min","13.6km","hoch","875m","675m","","Sommer","Juni - Oktober"
"1763920406-65","https://www.schweizer-wanderwege.ch/de/wandervorschlaege/?criteria%5Bfulltext%5D=&criteria%5Bseasons%5D%5B0%5D=68&criteria%5Bregions%5D%5B0%5D=4&page=3","https://www.schweizer-wanderwege.ch/de/wandervorschlaege/143/Imposante-Bergwelt-im-Berner-Oberland","Imposante Bergwelt im Berner Oberland","Kandersteg
                                                                                                    • BE","T2","3h 0min","10km","mittel","565m","565m","für Familien","Sommer","Juni - Oktober"
"1763920409-66","https://www.schweizer-wanderwege.ch/de/wandervorschlaege/?criteria%5Bfulltext%5D=&criteria%5Bseasons%5D%5B0%5D=68&criteria%5Bregions%5D%5B0%5D=4&page=3","https://www.schweizer-wanderwege.ch/de/wandervorschlaege/537/Panoramaweg-Thunersee","Panoramaweg Thunersee","Oberhofen, Wichterheer
                                                                    — Gunten
                                                                                                    • BE","T1","2h 50min","7.4km","mittel","440m","445m","für Familien","Sommer","Mai - Oktober"
"1763920411-67","https://www.schweizer-wanderwege.ch/de/wandervorschlaege/?criteria%5Bfulltext%5D=&criteria%5Bseasons%5D%5B0%5D=68&criteria%5Bregions%5D%5B0%5D=4&page=3","https://www.schweizer-wanderwege.ch/de/wandervorschlaege/1050/Zur-Wildhornhutte-und-uber-das-Iffighorn","Zur Wildhornhütte und über das Iffighorn","Iffigenalp
                                                                                                    • BE","","5h 30min","14.2km","hoch","1070m","1070m","","Sommer","Juni - Oktober"
"1763920416-68","https://www.schweizer-wanderwege.ch/de/wandervorschlaege/?criteria%5Bfulltext%5D=&criteria%5Bseasons%5D%5B0%5D=68&criteria%5Bregions%5D%5B0%5D=4&page=2","https://www.schweizer-wanderwege.ch/de/wandervorschlaege/1196/Tragodien-und-Triumphe-am-Eiger","Tragödien und Triumphe am Eiger","Wengernalp
                                                                    — Kleine Scheidegg
                                                                                                    • BE","T2","2h 15min","5.8km","mittel","500m","315m","für Familien","Sommer","Juli - Oktober"
"1763920418-69","https://www.schweizer-wanderwege.ch/de/wandervorschlaege/?criteria%5Bfulltext%5D=&criteria%5Bseasons%5D%5B0%5D=68&criteria%5Bregions%5D%5B0%5D=4&page=2","https://www.schweizer-wanderwege.ch/de/wandervorschlaege/1219/Auf-dem-Talweg-von-der-Grimmialp-nach-Oey","Auf dem Talweg von der Grimmialp nach Oey","Grimmialp
                                                                    — Oey
                                                                                                    • BE","","3h 55min","16km","mittel","105m","660m","für Familien","Sommer","Juni - Oktober"
"1763920421-70","https://www.schweizer-wanderwege.ch/de/wandervorschlaege/?criteria%5Bfulltext%5D=&criteria%5Bseasons%5D%5B0%5D=68&criteria%5Bregions%5D%5B0%5D=4&page=2","https://www.schweizer-wanderwege.ch/de/wandervorschlaege/1239/Auf-zur-Doldenhornhutte","Auf zur Doldenhornhütte","Kandersteg
                                                                                                    • BE","T2","3h 45min","10.7km","hoch","835m","835m","","Sommer","Juni - Oktober"
"1763920423-71","https://www.schweizer-wanderwege.ch/de/wandervorschlaege/?criteria%5Bfulltext%5D=&criteria%5Bseasons%5D%5B0%5D=68&criteria%5Bregions%5D%5B0%5D=4&page=2","https://www.schweizer-wanderwege.ch/de/wandervorschlaege/1255/Zur-schonsten-Bucht-Europas","Zur schönsten Bucht Europas","Spiez
                                                                    — Aeschiried, Schulhaus
                                                                                                    • BE","T1","2h 55min","9.4km","mittel","510m","125m","für Familien","Sommer","April - Oktober"
"1763920425-72","https://www.schweizer-wanderwege.ch/de/wandervorschlaege/?criteria%5Bfulltext%5D=&criteria%5Bseasons%5D%5B0%5D=68&criteria%5Bregions%5D%5B0%5D=4&page=2","https://www.schweizer-wanderwege.ch/de/wandervorschlaege/1265/Vom-Diemtigtal-ins-Simmental","Vom Diemtigtal ins Simmental","Grimmialp
                                                                    — Blankenburg
                                                                                                    • BE","T3","6h 15min","17.4km","hoch","1075m","1340m","","Sommer","Juni - Oktober"
"1763920427-73","https://www.schweizer-wanderwege.ch/de/wandervorschlaege/?criteria%5Bfulltext%5D=&criteria%5Bseasons%5D%5B0%5D=68&criteria%5Bregions%5D%5B0%5D=4&page=2","https://www.schweizer-wanderwege.ch/de/wandervorschlaege/1306/Fernab-der-Zivilisation-in-den-Berner-Alpen","Fernab der Zivilisation in den Berner Alpen","Vordertal
                                                                                                    • BE","T2","9h 0min","21.9km","hoch","1685m","1685m","für schwindelfreie Menschen","Sommer","Juni - September"
"1763920430-74","https://www.schweizer-wanderwege.ch/de/wandervorschlaege/?criteria%5Bfulltext%5D=&criteria%5Bseasons%5D%5B0%5D=68&criteria%5Bregions%5D%5B0%5D=4&page=2","https://www.schweizer-wanderwege.ch/de/wandervorschlaege/107/Auf-der-Sonnenterrasse-uber-dem-Thunersee","Auf der Sonnenterrasse über dem Thunersee","Tschingel ob Gunten, Dorf
                                                                    — Heiligenschwendi, Reha Z.
                                                                                                    • BE","T1","2h 15min","5.8km","mittel","505m","285m","für Familien","Sommer","März - Oktober"
"1763920432-75","https://www.schweizer-wanderwege.ch/de/wandervorschlaege/?criteria%5Bfulltext%5D=&criteria%5Bseasons%5D%5B0%5D=68&criteria%5Bregions%5D%5B0%5D=4&page=2","https://www.schweizer-wanderwege.ch/de/wandervorschlaege/1339/Vom-Rinderberg-auf-die-Horeflue","Vom Rinderberg auf die Horeflue","Rinderberg
                                                                    — Saanenmöser
                                                                                                    • BE","T3","3h 15min","9.7km","mittel","290m","1030m","für schwindelfreie Menschen","Sommer","Juni - Oktober"
"1763920434-76","https://www.schweizer-wanderwege.ch/de/wandervorschlaege/?criteria%5Bfulltext%5D=&criteria%5Bseasons%5D%5B0%5D=68&criteria%5Bregions%5D%5B0%5D=4&page=2","https://www.schweizer-wanderwege.ch/de/wandervorschlaege/1332/Dreiseenblick-im-Kanton-Obwalden","Dreiseenblick im Kanton Obwalden","Turren
                                                                    — Kaiserstuhl
                                                                                                    • OW","T2","3h 40min","11.8km","mittel","335m","1155m","für Familien","Sommer","Juni - Oktober"
"1763920437-77","https://www.schweizer-wanderwege.ch/de/wandervorschlaege/?criteria%5Bfulltext%5D=&criteria%5Bseasons%5D%5B0%5D=68&criteria%5Bregions%5D%5B0%5D=4&page=2","https://www.schweizer-wanderwege.ch/de/wandervorschlaege/1351/Von-der-Iffigenalp-zu-den-Simmenfallen","Von der Iffigenalp zu den Simmenfällen","Iffigenalp
                                                                    — Lenk, Simmenfälle
                                                                                                    • BE","T2","3h 40min","10.8km","mittel","545m","1025m","","Sommer","Juni - Oktober"
"1763920439-78","https://www.schweizer-wanderwege.ch/de/wandervorschlaege/?criteria%5Bfulltext%5D=&criteria%5Bseasons%5D%5B0%5D=68&criteria%5Bregions%5D%5B0%5D=4&page=2","https://www.schweizer-wanderwege.ch/de/wandervorschlaege/1359/Die-Schafscheid-von-Riffenmatt","Die Schafscheid von Riffenmatt","Riffenmatt
                                                                    — Schwarzenburg
                                                                                                    • BE","T1","2h 55min","10km","mittel","265m","555m","für Familien","Sommer","April - Oktober"
"1763920442-79","https://www.schweizer-wanderwege.ch/de/wandervorschlaege/?criteria%5Bfulltext%5D=&criteria%5Bseasons%5D%5B0%5D=68&criteria%5Bregions%5D%5B0%5D=4&page=2","https://www.schweizer-wanderwege.ch/de/wandervorschlaege/1372/Rundwanderung-von-Boltigen-zum-Walopsee-BE","Rundwanderung von Boltigen zum Walopsee BE","Reidenbach
                                                                                                    • BE","T2","6h 40min","16.4km","hoch","1280m","1280m","","Sommer","Juni - Oktober"
"1763920444-80","https://www.schweizer-wanderwege.ch/de/wandervorschlaege/?criteria%5Bfulltext%5D=&criteria%5Bseasons%5D%5B0%5D=68&criteria%5Bregions%5D%5B0%5D=4&page=2","https://www.schweizer-wanderwege.ch/de/wandervorschlaege/1413/Simmentaler-Hohlen-und-Baderpfad","Simmentaler Höhlen- und Bäderpfad","Oberwil i.S.
                                                                    — Weissenburg
                                                                                                    • BE","T2","2h 45min","6.6km","mittel","420m","475m","für Familien","Sommer","April - Oktober"
"1763920447-81","https://www.schweizer-wanderwege.ch/de/wandervorschlaege/?criteria%5Bfulltext%5D=&criteria%5Bseasons%5D%5B0%5D=68&criteria%5Bregions%5D%5B0%5D=4&page=2","https://www.schweizer-wanderwege.ch/de/wandervorschlaege/1517/Im-Angesicht-des-Berner-Dreigestirns","Im Angesicht des Berner Dreigestirns","Sulwald
                                                                    — Grütschalp
                                                                                                    • BE","T2","4h 25min","11.3km","hoch","845m","875m","","Sommer","Juni - Oktober"
"1763920450-82","https://www.schweizer-wanderwege.ch/de/wandervorschlaege/?criteria%5Bfulltext%5D=&criteria%5Bseasons%5D%5B0%5D=68&criteria%5Bregions%5D%5B0%5D=4&page=2","https://www.schweizer-wanderwege.ch/de/wandervorschlaege/1525/Aussichtsreich-uber-dem-Oeschinensee","Aussichtsreich über dem Oeschinensee","Oeschinen (Bergstation)
                                                                                                    • BE","T3","3h 15min","8.7km","mittel","510m","510m","für schwindelfreie Menschen","Sommer","Juni - Oktober"
"1763920452-83","https://www.schweizer-wanderwege.ch/de/wandervorschlaege/?criteria%5Bfulltext%5D=&criteria%5Bseasons%5D%5B0%5D=68&criteria%5Bregions%5D%5B0%5D=4&page=2","https://www.schweizer-wanderwege.ch/de/wandervorschlaege/1524/Wildes-ungezahmtes-Gasteretal","Wildes, ungezähmtes Gasteretal","Kandersteg, Talstat. Sunnbüel
                                                                    — Selden
                                                                                                    • BE","T2","3h 20min","10.9km","mittel","580m","230m","für Familien","Sommer","Juni - Oktober"
"1763920455-84","https://www.schweizer-wanderwege.ch/de/wandervorschlaege/?criteria%5Bfulltext%5D=&criteria%5Bseasons%5D%5B0%5D=68&criteria%5Bregions%5D%5B0%5D=4&page=2","https://www.schweizer-wanderwege.ch/de/wandervorschlaege/1530/Pilgern-am-milden-Thunerseeufer","Pilgern am milden Thunerseeufer","Interlaken West
                                                                    — Merligen
                                                                                                    • BE","T1","3h 50min","13.1km","mittel","445m","445m","","Sommer","April - Oktober"
"1763920458-85","https://www.schweizer-wanderwege.ch/de/wandervorschlaege/?criteria%5Bfulltext%5D=&criteria%5Bseasons%5D%5B0%5D=68&criteria%5Bregions%5D%5B0%5D=4&page=2","https://www.schweizer-wanderwege.ch/de/wandervorschlaege/1529/Aussichtsreiches-Gallihore","Aussichtsreiches Gällihore","Sunnbüel
                                                                                                    • BE","T3","2h 50min","4.2km","hoch","485m","485m","für schwindelfreie Menschen","Sommer","Juni - Oktober"
"1763920460-86","https://www.schweizer-wanderwege.ch/de/wandervorschlaege/?criteria%5Bfulltext%5D=&criteria%5Bseasons%5D%5B0%5D=68&criteria%5Bregions%5D%5B0%5D=4&page=2","https://www.schweizer-wanderwege.ch/de/wandervorschlaege/1589/Wilde-Auenlandschaft-im-Entschligetal","Wilde Auenlandschaft im Entschligetal","Frutigen
                                                                                                    • BE","T1","2h 40min","9.6km","mittel","245m","245m","für Familien, für schwindelfreie Menschen","Sommer","April - Oktober"
"1763920462-87","https://www.schweizer-wanderwege.ch/de/wandervorschlaege/?criteria%5Bfulltext%5D=&criteria%5Bseasons%5D%5B0%5D=68&criteria%5Bregions%5D%5B0%5D=4&page=2","https://www.schweizer-wanderwege.ch/de/wandervorschlaege/1603/Durchs-Gsur-oberhalb-Adelboden","Durchs Gsür oberhalb Adelboden","Tschentenalp
                                                                    — Adelboden, Schermtanne
                                                                                                    • BE","T4","2h 45min","7.3km","mittel","350m","805m","für Familien","Sommer","Juni - Oktober"
"1763920465-88","https://www.schweizer-wanderwege.ch/de/wandervorschlaege/?criteria%5Bfulltext%5D=&criteria%5Bseasons%5D%5B0%5D=68&criteria%5Bregions%5D%5B0%5D=4&page=2","https://www.schweizer-wanderwege.ch/de/wandervorschlaege/1601/Hoch-uber-dem-Brienzersee","Hoch über dem Brienzersee","Planalp
                                                                    — Brienz
                                                                                                    • BE","T1","1h 50min","5.8km","mittel","15m","800m","für Familien","Sommer","Juni - Oktober"
"1763920467-89","https://www.schweizer-wanderwege.ch/de/wandervorschlaege/?criteria%5Bfulltext%5D=&criteria%5Bseasons%5D%5B0%5D=68&criteria%5Bregions%5D%5B0%5D=4&page=2","https://www.schweizer-wanderwege.ch/de/wandervorschlaege/1634/Ausgesetzte-Gratwanderung-uber-den-Hardergrat","Ausgesetzte Gratwanderung über den Hardergrat","Harder Kulm
                                                                    — Alp Lombach
                                                                                                    • BE","T3","4h 50min","11.2km","hoch","1075m","820m","für schwindelfreie Menschen","Sommer","Mai - Oktober"
"1763920470-90","https://www.schweizer-wanderwege.ch/de/wandervorschlaege/?criteria%5Bfulltext%5D=&criteria%5Bseasons%5D%5B0%5D=68&criteria%5Bregions%5D%5B0%5D=4&page=2","https://www.schweizer-wanderwege.ch/de/wandervorschlaege/1650/Am-Wasserfall-vorbei-auf-die-Engstligenalp","Am Wasserfall vorbei auf die Engstligenalp","Unter dem Birg
                                                                    — Engstligenalp
                                                                                                    • BE","T2","1h 50min","3.2km","hoch","590m","25m","für Familien, für schwindelfreie Menschen","Sommer","Juni - Oktober"
"1763920472-91","https://www.schweizer-wanderwege.ch/de/wandervorschlaege/?criteria%5Bfulltext%5D=&criteria%5Bseasons%5D%5B0%5D=68&criteria%5Bregions%5D%5B0%5D=4&page=2","https://www.schweizer-wanderwege.ch/de/wandervorschlaege/1670/Von-Alp-zu-Alp-im-Rychenbachtal","Von Alp zu Alp im Rychenbachtal","Grosse Scheidegg
                                                                    — Gschwantenmad
                                                                                                    • BE","T2","4h 25min","13.2km","mittel","605m","1265m","","Sommer","Juli - Oktober"
"1763920477-92","https://www.schweizer-wanderwege.ch/de/wandervorschlaege/?criteria%5Bfulltext%5D=&criteria%5Bseasons%5D%5B%5D=68&criteria%5Bregions%5D%5B%5D=4","https://www.schweizer-wanderwege.ch/de/wandervorschlaege/1720/Zwischen-Emmental-und-Berner-Oberland","Zwischen Emmental und Berner Oberland","Eriz, Säge
                                                                                                    • BE","T1","2h 35min","8.4km","mittel","400m","400m","für Familien","Sommer","April - Oktober"
"1763920480-93","https://www.schweizer-wanderwege.ch/de/wandervorschlaege/?criteria%5Bfulltext%5D=&criteria%5Bseasons%5D%5B%5D=68&criteria%5Bregions%5D%5B%5D=4","https://www.schweizer-wanderwege.ch/de/wandervorschlaege/1740/Hasliberg-mal-anders","Hasliberg mal anders","Bidmi
                                                                    — Hasliberg Hohfluh, Privatklinik
                                                                                                    • BE","T1","1h 15min","4.4km","tief","45m","390m","für Familien","Sommer","Juni - Oktober"
"1763920482-94","https://www.schweizer-wanderwege.ch/de/wandervorschlaege/?criteria%5Bfulltext%5D=&criteria%5Bseasons%5D%5B%5D=68&criteria%5Bregions%5D%5B%5D=4","https://www.schweizer-wanderwege.ch/de/wandervorschlaege/1748/Hoch-hinaus-zur-Gelmerhutte","Hoch hinaus zur Gelmerhütte","Gelmersee
                                                                    — Handegg, Kunzentännlein
                                                                                                    • BE","T2","4h 10min","8.7km","mittel","705m","960m","","Sommer","Juli - Oktober"
"1763920484-95","https://www.schweizer-wanderwege.ch/de/wandervorschlaege/?criteria%5Bfulltext%5D=&criteria%5Bseasons%5D%5B%5D=68&criteria%5Bregions%5D%5B%5D=4","https://www.schweizer-wanderwege.ch/de/wandervorschlaege/1752/Zwei-Tage-im-Hinteren-Lauterbrunnental","Zwei Tage im Hinteren Lauterbrunnental","Mürren BLM
                                                                    — Stechelberg, Hotel
                                                                                                    • BE","T3","8h 0min","20.4km","hoch","1330m","2060m","für schwindelfreie Menschen","Sommer","Juni - September"
"1763920487-96","https://www.schweizer-wanderwege.ch/de/wandervorschlaege/?criteria%5Bfulltext%5D=&criteria%5Bseasons%5D%5B%5D=68&criteria%5Bregions%5D%5B%5D=4","https://www.schweizer-wanderwege.ch/de/wandervorschlaege/1759/Unterwegs-auf-der-Via-Berna","Unterwegs auf der Via Berna","Engstlenalp
                                                                    — Hasliberg Reuti, Dorf
                                                                                                    • BE","T2","6h 0min","18.2km","hoch","730m","1515m","für schwindelfreie Menschen","Sommer","Juni - Oktober"
"1763920489-97","https://www.schweizer-wanderwege.ch/de/wandervorschlaege/?criteria%5Bfulltext%5D=&criteria%5Bseasons%5D%5B%5D=68&criteria%5Bregions%5D%5B%5D=4","https://www.schweizer-wanderwege.ch/de/wandervorschlaege/1766/Zweitagestour-zur-Geltenhutte","Zweitagestour zur Geltenhütte","Lauenensee
                                                                                                    • BE","T2","4h 5min","7.8km","mittel","675m","675m","für Familien","Sommer","Juli - Oktober"
"1763920492-98","https://www.schweizer-wanderwege.ch/de/wandervorschlaege/?criteria%5Bfulltext%5D=&criteria%5Bseasons%5D%5B%5D=68&criteria%5Bregions%5D%5B%5D=4","https://www.schweizer-wanderwege.ch/de/wandervorschlaege/1779/Einsame-Wege-uber-der-Schwarzen-Lutschine","Einsame Wege über der Schwarzen Lütschine","Burglauenen
                                                                    — Zweilütschinen
                                                                                                    • BE","T3","4h 50min","11.9km","hoch","885m","1130m","für schwindelfreie Menschen","Sommer","Juni - Oktober"
"1763920494-99","https://www.schweizer-wanderwege.ch/de/wandervorschlaege/?criteria%5Bfulltext%5D=&criteria%5Bseasons%5D%5B%5D=68&criteria%5Bregions%5D%5B%5D=4","https://www.schweizer-wanderwege.ch/de/wandervorschlaege/1790/Zu-Fuss-vom-Kanton-Bern-ins-Wallis","Zu Fuss vom Kanton Bern ins Wallis","Selden, Gasthaus Steinbock
                                                                    — Ferden, Dorf
                                                                                                    • BE","T3","6h 30min","12.5km","hoch","1205m","1375m","für Familien, für schwindelfreie Menschen","Sommer","Juli - Oktober"
"1763920497-100","https://www.schweizer-wanderwege.ch/de/wandervorschlaege/?criteria%5Bfulltext%5D=&criteria%5Bseasons%5D%5B%5D=68&criteria%5Bregions%5D%5B%5D=4","https://www.schweizer-wanderwege.ch/de/wandervorschlaege/1828/Malerisches-Wandern-uber-dem-Thunersee","Malerisches Wandern über dem Thunersee","Mülenen
                                                                    — Därligen
                                                                                                    • BE","T1","4h 10min","13.3km","mittel","555m","685m","für Familien","Sommer","April - Oktober"
"1763920499-101","https://www.schweizer-wanderwege.ch/de/wandervorschlaege/?criteria%5Bfulltext%5D=&criteria%5Bseasons%5D%5B%5D=68&criteria%5Bregions%5D%5B%5D=4","https://www.schweizer-wanderwege.ch/de/wandervorschlaege/1875/Blick-ins-Kiental-und-daruber-hinaus","Blick ins Kiental und darüber hinaus","Ramslauenen
                                                                                                    • BE","T3","4h 55min","10.4km","hoch","1080m","1080m","für schwindelfreie Menschen","Sommer","Juli - September"
"1763920502-102","https://www.schweizer-wanderwege.ch/de/wandervorschlaege/?criteria%5Bfulltext%5D=&criteria%5Bseasons%5D%5B%5D=68&criteria%5Bregions%5D%5B%5D=4","https://www.schweizer-wanderwege.ch/de/wandervorschlaege/1890/Abwechslungsreicher-Hohenweg-im-Gantrischgebiet","Abwechslungsreicher Höhenweg im Gantrischgebiet","Gurnigel, Berghaus
                                                                    — Zollhaus FR
                                                                                                    • BE","T1","4h 45min","16km","hoch","505m","1225m","","Sommer","Mai - Oktober"
"1763920504-103","https://www.schweizer-wanderwege.ch/de/wandervorschlaege/?criteria%5Bfulltext%5D=&criteria%5Bseasons%5D%5B%5D=68&criteria%5Bregions%5D%5B%5D=4","https://www.schweizer-wanderwege.ch/de/wandervorschlaege/1892/Zur-Loge-uber-dem-Unteren-Grindelwaldgletscher","Zur Loge über dem Unteren Grindelwaldgletscher","Pfingstegg
                                                                                                    • BE","T2","1h 50min","5.4km","mittel","485m","485m","für schwindelfreie Menschen","Sommer","Juli - Oktober"
"1763920507-104","https://www.schweizer-wanderwege.ch/de/wandervorschlaege/?criteria%5Bfulltext%5D=&criteria%5Bseasons%5D%5B%5D=68&criteria%5Bregions%5D%5B%5D=4","https://www.schweizer-wanderwege.ch/de/wandervorschlaege/1906/Panoramaweg-zur-Grossen-Scheidegg","Panoramaweg zur Grossen Scheidegg","Schwarzwaldalp
                                                                    — Grosse Scheidegg
                                                                                                    • BE","T2","3h 20min","8.7km","hoch","820m","310m","für Familien","Sommer","Juni - Oktober"
"1763920510-105","https://www.schweizer-wanderwege.ch/de/wandervorschlaege/?criteria%5Bfulltext%5D=&criteria%5Bseasons%5D%5B%5D=68&criteria%5Bregions%5D%5B%5D=4","https://www.schweizer-wanderwege.ch/de/wandervorschlaege/1907/Gipfelerlebnis-im-Diemtigtal","Gipfelerlebnis im Diemtigtal","Achseten, Kirche
                                                                    — Grimmialp
                                                                                                    • BE","T2","8h 0min","19km","hoch","1720m","1560m","","Sommer","Juni - September"
"1763920513-106","https://www.schweizer-wanderwege.ch/de/wandervorschlaege/?criteria%5Bfulltext%5D=&criteria%5Bseasons%5D%5B%5D=68&criteria%5Bregions%5D%5B%5D=4","https://www.schweizer-wanderwege.ch/de/wandervorschlaege/1908/Betriebsamkeit-und-Ruhe-am-Grimselpass","Betriebsamkeit und Ruhe am Grimselpass","Handegg, Gelmerbahn
                                                                    — Grimselpass
                                                                                                    • BE","T2","3h 30min","9.6km","hoch","935m","175m","für Familien","Sommer","Juni - Oktober"
"1763920516-107","https://www.schweizer-wanderwege.ch/de/wandervorschlaege/?criteria%5Bfulltext%5D=&criteria%5Bseasons%5D%5B%5D=68&criteria%5Bregions%5D%5B%5D=4","https://www.schweizer-wanderwege.ch/de/wandervorschlaege/1942/Vom-Simmental-zum-Thunersee","Vom Simmental zum Thunersee","Oey-Diemtigen
                                                                    — Gwatt, Moos
                                                                                                    • BE","T1","3h 5min","11.6km","mittel","170m","280m","für Familien","Sommer","April - Oktober"
"1763920518-108","https://www.schweizer-wanderwege.ch/de/wandervorschlaege/?criteria%5Bfulltext%5D=&criteria%5Bseasons%5D%5B%5D=68&criteria%5Bregions%5D%5B%5D=4","https://www.schweizer-wanderwege.ch/de/wandervorschlaege/1977/Von-der-Mondlandschaft-an-der-Lenk","Von der Mondlandschaft an der Lenk","Leiterli (Bergstation)
                                                                                                    • BE","T2","2h 25min","6.5km","tief","280m","280m","für Familien","Sommer","Juli - Oktober"
"1763920521-109","https://www.schweizer-wanderwege.ch/de/wandervorschlaege/?criteria%5Bfulltext%5D=&criteria%5Bseasons%5D%5B%5D=68&criteria%5Bregions%5D%5B%5D=4","https://www.schweizer-wanderwege.ch/de/wandervorschlaege/3059/Filigrane-Gaste-an-den-Gastlosen","Filigrane Gäste an den Gastlosen","Abländschen, Jaungrund
                                                                                                    • BE","T2","3h 15min","8.9km","mittel","635m","640m","","Sommer","Juni - August"
"1763920523-110","https://www.schweizer-wanderwege.ch/de/wandervorschlaege/?criteria%5Bfulltext%5D=&criteria%5Bseasons%5D%5B%5D=68&criteria%5Bregions%5D%5B%5D=4","https://www.schweizer-wanderwege.ch/de/wandervorschlaege/3390/Zwei-Tage-im-Vorfeld-des-Unteraargletschers","Zwei Tage im Vorfeld des Unteraargletschers","Grimsel, Hospiz
                                                                                                    • BE","T2","7h 15min","20.9km","hoch","1220m","1220m","für schwindelfreie Menschen","Sommer","Juli - September"
"1763920525-111","https://www.schweizer-wanderwege.ch/de/wandervorschlaege/?criteria%5Bfulltext%5D=&criteria%5Bseasons%5D%5B%5D=68&criteria%5Bregions%5D%5B%5D=4","https://www.schweizer-wanderwege.ch/de/wandervorschlaege/3393/Aussichtsreich-zum-Oberaarsee","Aussichtsreich zum Oberaarsee","Grimsel Passhöhe
                                                                    — Berghaus Oberaar
                                                                                                    • BE","T2","2h 15min","6.1km","mittel","480m","340m","für Familien","Sommer","August - Oktober"
"1763920528-112","https://www.schweizer-wanderwege.ch/de/wandervorschlaege/?criteria%5Bfulltext%5D=&criteria%5Bseasons%5D%5B%5D=68&criteria%5Bregions%5D%5B%5D=4","https://www.schweizer-wanderwege.ch/de/wandervorschlaege/3394/Ubers-Nagelisgratli-zum-Rhonegletscher","Übers Nägelisgrätli zum Rhonegletscher","Grimsel Passhöhe
                                                                                                    • BE","T2","4h 0min","10.4km","mittel","760m","760m","","Sommer","Juli - September"
"1763920530-113","https://www.schweizer-wanderwege.ch/de/wandervorschlaege/?criteria%5Bfulltext%5D=&criteria%5Bseasons%5D%5B%5D=68&criteria%5Bregions%5D%5B%5D=4","https://www.schweizer-wanderwege.ch/de/wandervorschlaege/3401/Aussichtsreiche-Wanderung-zum-kristallklaren-Wannisbortsee","Aussichtsreiche Wanderung zum kristallklaren Wannisbortsee","Furi
                                                                    — Innertkirchen, Innere Urweid
                                                                                                    • BE","T2","5h 0min","10.8km","hoch","710m","1620m","","Sommer","Juli - September"
"1763920532-114","https://www.schweizer-wanderwege.ch/de/wandervorschlaege/?criteria%5Bfulltext%5D=&criteria%5Bseasons%5D%5B%5D=68&criteria%5Bregions%5D%5B%5D=4","https://www.schweizer-wanderwege.ch/de/wandervorschlaege/3411/Auf-dem-Felsenweg-zur-Glecksteinhutte","Auf dem Felsenweg zur Glecksteinhütte","Grindelwald, Abzw. Gleckstein
                                                                                                    • BE","T3","4h 35min","9.2km","hoch","990m","990m","für schwindelfreie Menschen","Sommer","Juli - September"
"1763920534-115","https://www.schweizer-wanderwege.ch/de/wandervorschlaege/?criteria%5Bfulltext%5D=&criteria%5Bseasons%5D%5B%5D=68&criteria%5Bregions%5D%5B%5D=4","https://www.schweizer-wanderwege.ch/de/wandervorschlaege/3436/Hohenwanderung-im-Saanenland","Höhenwanderung im Saanenland","Abländschen, Mittelberg
                                                                    — Saanen
                                                                                                    • BE","T2","3h 15min","11km","mittel","310m","930m","für Familien","Sommer","Juni - Oktober"
