"url";"title";"location";"canton";"difficulty_level";"difficulty_num";"duration_min";"distance_km";"ascent_m";"descent_m";"physical_demand";"latitude";"longitude"
"https://www.schweizer-wanderwege.ch/de/wandervorschlaege/32/Husky-Traum";"Husky-Traum";"Muotathal";"";"";0;0.0;0.004;0.0;0.0;"hoch";46.974668;8.7658029
"https://www.schweizer-wanderwege.ch/de/wandervorschlaege/1426/Aufregende-Ausblicke-auf-dem-Hochalp-Trail";"Aufregende Ausblicke auf dem Hochalp Trail";"Urnäsch, Anker";"AR";"";0;405.0;11.4;720.0;720.0;"hoch";47.3097591;9.2762871
"https://www.schweizer-wanderwege.ch/de/wandervorschlaege/1075/Den-ganzen-Tag-im-Schnee";"Den ganzen Tag im Schnee";"Atzmännig SSA — Atzmännig, Schutt";"SG";"";0;100.0;4.2;140.0;510.0;"mittel";0.0;0.0
"https://www.schweizer-wanderwege.ch/de/wandervorschlaege/1090/Panorama-Trail-in-Obwalden";"Panorama Trail in Obwalden";"Langis";"OW";"";0;270.0;12.3;565.0;565.0;"hoch";46.8929885;8.1252606
"https://www.schweizer-wanderwege.ch/de/wandervorschlaege/1207/Schneeschuhwanderung-auf-den-Chasseron";"Schneeschuhwanderung auf den Chasseron";"Les Rasses, village";"VD";"";0;260.0;10.0;450.0;450.0;"hoch";46.8308907;6.5547359
"https://www.schweizer-wanderwege.ch/de/wandervorschlaege/2037/Wanderung-auf-die-Gisliflue-im-Jurapark-Aargau";"Wanderung auf die Gisliflue im Jurapark Aargau";"Veltheim AG, Bären — Thalheim AG, Unterdorf";"AG";"T1";1;200.0;11.7;595.0;525.0;"mittel";47.4369232;8.1474092
"https://www.schweizer-wanderwege.ch/de/wandervorschlaege/2038/Wanderung-im-Reiat-im-Naturpark-Schaffhausen";"Wanderung im Reiat im Naturpark Schaffhausen";"Bibern SH, Dorf — Schaffhausen, Schweizersbild";"SH";"T1";1;210.0;13.1;380.0;380.0;"mittel";47.7722392;8.6785329
"https://www.schweizer-wanderwege.ch/de/wandervorschlaege/2056/Umwelt-Arena-Spreitenbach-der-Nachhaltigkeit-auf-der-Spur";"Umwelt Arena Spreitenbach – der Nachhaltigkeit auf der Spur";"Spreitenbach";"AG";"";0;0.0;0.062;0.0;0.0;"tief";47.4182444;8.3640342
"https://www.schweizer-wanderwege.ch/de/wandervorschlaege/2068/Winterfreuden-auf-dem-Dahu-Pfad";"Winterfreuden auf dem Dahu-Pfad";"Anzère, télécabine";"";"";0;235.0;9.2;515.0;515.0;"hoch";46.2948177;7.3949904
"https://www.schweizer-wanderwege.ch/de/wandervorschlaege/2228/Schneeschuhwandern-im-freiburgischen-Wintersportparadies";"Schneeschuhwandern im freiburgischen Wintersportparadies";"Les Paccots, Les Rosalys";"FR";"";0;210.0;7.2;390.0;390.0;"hoch";46.5174765;6.9607181
"https://www.schweizer-wanderwege.ch/de/wandervorschlaege/2253/Panoramawanderung-uber-verschneite-Hochmoorflachen";"Panoramawanderung über verschneite Hochmoorflächen";"Zweisimmen, Sparenmoos — Zweisimmen, Site Alp";"BE";"";0;105.0;4.8;160.0;275.0;"tief";46.5511623;7.3396399
"https://www.schweizer-wanderwege.ch/de/wandervorschlaege/2254/Auf-historischem-Weg-ins-Muotatal";"Auf historischem Weg ins Muotatal";"Hoch-Ybrig, Talst. Laucheren — Oberberg St. Karl";"SZ";"";0;185.0;7.7;460.0;370.0;"hoch";0.0;0.0
"https://www.schweizer-wanderwege.ch/de/wandervorschlaege/2255/Auf-Walserpfaden-durch-Obersaxen";"Auf Walserpfaden durch Obersaxen";"Obersaxen, Meierhof Post — Obersaxen, Friggahüs";"GR";"";0;155.0;7.1;335.0;300.0;"mittel";46.7488711;9.1002856
"https://www.schweizer-wanderwege.ch/de/wandervorschlaege/2256/Gemutliche-Wanderung-durch-den-Regionalpark-Aargau";"Gemütliche Wanderung durch den Regionalpark Aargau";"Zeihen, Stauftel — Schinznach Dorf, Oberdorf";"AG";"T1";1;165.0;10.0;345.0;420.0;"mittel";47.477424;8.0897368
"https://www.schweizer-wanderwege.ch/de/wandervorschlaege/2257/Vom-Solothurner-Limpachtal-an-die-Aare";"Vom Solothurner Limpachtal an die Aare";"Messen, Dorfplatz — Büren an der Aare";"";"T1";1;215.0;13.9;275.0;330.0;"mittel";47.0918287;7.4475343
"https://www.schweizer-wanderwege.ch/de/wandervorschlaege/2258/Kirchen-und-Kapellen-im-Val-Capriasca";"Kirchen und Kapellen im Val Capriasca";"Lamone-Cadempino";"TI";"T2";2;225.0;12.8;525.0;525.0;"mittel";46.0394453;8.9322308
"https://www.schweizer-wanderwege.ch/de/wandervorschlaege/2730/Entlang-der-Saane-und-umgeben-von-den-Freiburger-Voralpen";"Entlang der Saane und umgeben von den Freiburger Voralpen";"Gruyères — Bulle";"FR";"T1";1;165.0;10.2;240.0;220.0;"mittel";49.7106979;4.6041316
"https://www.schweizer-wanderwege.ch/de/wandervorschlaege/2731/Stille-erleben-auf-dem-Jura-Hohenweg-in-der-Ajoie";"Stille erleben auf dem Jura-Höhenweg in der Ajoie";"Miécourt — Porrentruy";"JU";"T1";1;190.0;12.5;215.0;270.0;"mittel";47.4270918;7.1747627
"https://www.schweizer-wanderwege.ch/de/wandervorschlaege/2732/Gemutliche-Wanderung-am-Rande-des-Emmentals";"Gemütliche Wanderung am Rande des Emmentals";"Huttwil — Dürrenroth, Dorf";"BE";"T1";1;105.0;5.9;255.0;195.0;"tief";47.1147419;7.8455436
"https://www.schweizer-wanderwege.ch/de/wandervorschlaege/2736/Vorbei-an-Reben-und-Burgen-durch-die-Bundner-Herrschaft";"Vorbei an Reben und Burgen durch die Bündner Herrschaft";"Malans GR — Bad Ragaz";"GR";"T1";1;190.0;12.2;275.0;310.0;"mittel";46.9821456;9.5761204
"https://www.schweizer-wanderwege.ch/de/wandervorschlaege/2737/Auf-einsamen-Pfaden-im-grunen-Valle-di-Vergeletto";"Auf einsamen Pfaden im grünen Valle di Vergeletto";"Gresso — Russo";"TI";"T3";3;175.0;7.9;475.0;665.0;"mittel";46.2249288;8.615729
"https://www.schweizer-wanderwege.ch/de/wandervorschlaege/3048/Barenland-Erlebnisweg";"Bärenland Erlebnisweg";"Arosa Bärenland";"GR";"";0;35.0;2.3;10.0;185.0;"tief";46.7868662;9.6654415
"https://www.schweizer-wanderwege.ch/de/wandervorschlaege/3373/4-Angebote-der-Berglandschule-Goms";"4 Angebote der Berglandschule Goms";"Münster VS";"VS";"";0;0.0;0.013;0.0;0.0;"tief";46.4870672;8.2632237
"https://www.schweizer-wanderwege.ch/de/wandervorschlaege/141/La-Vue-des-Alpes";"La Vue des Alpes";"Vue des Alpes";"NE";"";0;80.0;4.9;150.0;150.0;"tief";47.072722;6.869822
"https://www.schweizer-wanderwege.ch/de/wandervorschlaege/136/Wandern-und-Schlitteln";"Wandern und Schlitteln";"Sparenmoos";"BE";"";0;120.0;6.6;255.0;255.0;"mittel";46.5511623;7.3396399
"https://www.schweizer-wanderwege.ch/de/wandervorschlaege/169/Kantone-Basel-Stadt-Landschaft";"Kantone Basel-Stadt/-Landschaft";"Basel, Schifflände — Kaiseraugst";"BS";"";0;185.0;12.9;140.0;120.0;"mittel";47.5597838;7.5882058
"https://www.schweizer-wanderwege.ch/de/wandervorschlaege/230/Pays-d-Enhaut";"Pays d'Enhaut";"Les Mosses — Col des Mosses";"VD";"";0;150.0;7.8;430.0;400.0;"hoch";46.3960939;7.1018391
"https://www.schweizer-wanderwege.ch/de/wandervorschlaege/249/Lenzerheide";"Lenzerheide";"Lenzerheide";"GR";"";0;105.0;5.5;255.0;255.0;"mittel";46.7280297;9.5584408
"https://www.schweizer-wanderwege.ch/de/wandervorschlaege/344/Auf-Schneeschuhen-durchs-Kiental";"Auf Schneeschuhen durchs Kiental";"Kiental";"BE";"";0;280.0;12.4;390.0;390.0;"hoch";46.5836472;7.7269443
"https://www.schweizer-wanderwege.ch/de/wandervorschlaege/368/Kleinkraftwerke";"Kleinkraftwerke";"Bahnhof Vernier-Meyrin — Genève";"GE";"";0;195.0;12.1;275.0;320.0;"mittel";0.0;0.0
"https://www.schweizer-wanderwege.ch/de/wandervorschlaege/377/Hallwilersee";"Hallwilersee";"Beinwil am See — Schloss Hallwyl";"AG";"";0;215.0;14.9;125.0;195.0;"mittel";47.2664506;8.2027093
"https://www.schweizer-wanderwege.ch/de/wandervorschlaege/432/Aletschregion";"Aletschregion";"Stn. Moosfluh — Riederalp";"VS";"";0;90.0;5.0;80.0;485.0;"mittel";0.0;0.0
"https://www.schweizer-wanderwege.ch/de/wandervorschlaege/431/Stelserberg";"Stelserberg";"Stels, Hof de Planis";"GR";"";0;65.0;3.1;225.0;225.0;"mittel";46.965837;9.7146085
"https://www.schweizer-wanderwege.ch/de/wandervorschlaege/428/Romantische-Hotels";"Romantische Hotels";"Rotenboden — Riffelberg";"VS";"";0;55.0;3.3;75.0;305.0;"tief";47.1275781;9.5387175
"https://www.schweizer-wanderwege.ch/de/wandervorschlaege/468/Sauschwanzlebahn";"Sauschwänzlebahn";"Bargen (SH) — Schleitheim";"SH";"";0;370.0;24.3;465.0;595.0;"hoch";47.791799;8.6102341
"https://www.schweizer-wanderwege.ch/de/wandervorschlaege/613/Winterliche-Vogelsafari";"Winterliche Vogelsafari";"Full, Hst. Schulweg — Bad Zurzach";"AG";"";0;235.0;15.3;290.0;265.0;"mittel";0.0;0.0
"https://www.schweizer-wanderwege.ch/de/wandervorschlaege/612/Unterwegs-im-Goms-2";"Unterwegs im Goms 2";"Münster";"VS";"";0;310.0;10.7;755.0;755.0;"hoch";51.9625101;7.6251879
"https://www.schweizer-wanderwege.ch/de/wandervorschlaege/611/Unterwegs-im-Goms-1";"Unterwegs im Goms 1";"Oberwald — Niederwald";"VS";"";0;345.0;17.9;155.0;270.0;"hoch";46.5328571;8.3520502
"https://www.schweizer-wanderwege.ch/de/wandervorschlaege/609/Dem-Huiskafi-auf-der-Spur";"Dem Huiskafi auf der Spur";"Wirzweli";"NW";"";0;285.0;9.8;480.0;480.0;"hoch";46.9134569;8.3668617
"https://www.schweizer-wanderwege.ch/de/wandervorschlaege/608/Auf-und-ab-im-Jura-vaudois";"Auf und ab im Jura vaudois";"La Givrine — St-Cergue";"VD";"";0;360.0;11.7;305.0;470.0;"hoch";46.4545264;6.1117067
"https://www.schweizer-wanderwege.ch/de/wandervorschlaege/607/Zur-Buvette-von-Ovronnaz";"Zur Buvette von Ovronnaz";"Ovronnaz, Chevaley";"VS";"";0;100.0;5.1;385.0;385.0;"mittel";46.201571;7.173975
"https://www.schweizer-wanderwege.ch/de/wandervorschlaege/606/Feines-aus-dem-Prattigau";"Feines aus dem Prättigau";"St. Antönien — Pany";"GR";"";0;180.0;10.4;405.0;570.0;"hoch";46.969739;9.813468
"https://www.schweizer-wanderwege.ch/de/wandervorschlaege/592/Holzwirtschaft-im-Entlebuch";"Holzwirtschaft im Entlebuch";"Sörenberg — Kemmeribodenbad";"LU";"";0;245.0;15.1;440.0;615.0;"hoch";46.8221657;8.0349311
"https://www.schweizer-wanderwege.ch/de/wandervorschlaege/633/Winterzauber-in-Preda";"Winterzauber in Preda";"Preda";"GR";"";0;90.0;3.3;205.0;205.0;"mittel";46.5904281;9.7739244
"https://www.schweizer-wanderwege.ch/de/wandervorschlaege/758/Verschneites-Appenzell";"Verschneites Appenzell";"Schwägalp — Kronberg";"AR";"";0;150.0;5.3;470.0;175.0;"mittel";47.256134;9.3192548
"https://www.schweizer-wanderwege.ch/de/wandervorschlaege/757/Gipfeltour-mit-Seesicht";"Gipfeltour mit Seesicht";"La Lécherette";"VD";"";0;195.0;8.4;395.0;395.0;"hoch";46.4203898;7.106108
"https://www.schweizer-wanderwege.ch/de/wandervorschlaege/756/Dem-Plasselbschlund-entlang";"Dem Plasselbschlund entlang";"Schwarzsee, Gypsera — Le Brand";"FR";"";0;435.0;15.1;1080.0;1175.0;"hoch";46.6701725;7.287833
"https://www.schweizer-wanderwege.ch/de/wandervorschlaege/755/Uber-vier-Schultern-wandern";"Über vier Schultern wandern";"H. Les Sciernes";"FR";"";0;145.0;7.4;370.0;365.0;"hoch";46.4968808;7.0350776
"https://www.schweizer-wanderwege.ch/de/wandervorschlaege/754/Ruhige-Tour-oberhalb-von-Rougemont";"Ruhige Tour oberhalb von Rougemont";"La Manche";"VD";"";0;140.0;4.5;315.0;315.0;"mittel";49.9892202;-2.2384698
"https://www.schweizer-wanderwege.ch/de/wandervorschlaege/753/Knorrige-Arven-am-Mannlichen";"Knorrige Arven am Männlichen";"Kleine Scheidegg — Stn. Männlichen";"BE";"";0;150.0;5.6;405.0;240.0;"hoch";46.5850987;7.9608968
"https://www.schweizer-wanderwege.ch/de/wandervorschlaege/752/Durch-Grachens-verschneite-Walder";"Durch Grächens verschneite Wälder";"Grächen";"VS";"";0;135.0;6.8;265.0;265.0;"mittel";46.1960178;7.8421612
"https://www.schweizer-wanderwege.ch/de/wandervorschlaege/751/Am-Fusse-des-Calanda";"Am Fusse des Calanda";"Vättis";"SG";"";0;205.0;10.5;190.0;190.0;"mittel";46.9098162;9.4415215
"https://www.schweizer-wanderwege.ch/de/wandervorschlaege/750/Hochgefuhle-uber-dem-Simmental";"Hochgefühle über dem Simmental";"Sparenmoos";"BE";"";0;155.0;6.7;240.0;240.0;"mittel";46.5511623;7.3396399
"https://www.schweizer-wanderwege.ch/de/wandervorschlaege/749/Aussicht-vom-Weisshorn-650-Berge-im-Blick";"Aussicht vom Weisshorn: 650 Berge im Blick";"Maran — Weisshorn";"GR";"";0;240.0;8.4;830.0;50.0;"hoch";45.7649931;13.1675011
"https://www.schweizer-wanderwege.ch/de/wandervorschlaege/748/Wandern-wo-die-Schirme-gleiten";"Wandern, wo die Schirme gleiten";"Tschentenalp — Adelboden";"BE";"";0;135.0;7.4;190.0;780.0;"mittel";46.4990334;7.5452815
"https://www.schweizer-wanderwege.ch/de/wandervorschlaege/746/Rund-um-den-Trubsee";"Rund um den Trübsee";"Stn. Trübsee";"NW";"";0;100.0;5.2;145.0;145.0;"tief";0.0;0.0
"https://www.schweizer-wanderwege.ch/de/wandervorschlaege/760/Veysonnaz-im-Winter-2";"Veysonnaz im Winter 2";"Veysonnaz, station";"VS";"";0;300.0;11.1;825.0;825.0;"hoch";46.1950739;7.3410559
"https://www.schweizer-wanderwege.ch/de/wandervorschlaege/759/Veysonnaz-im-Winter-1";"Veysonnaz im Winter 1";"Les Mayens-de-Sion, Ouest";"VS";"";0;50.0;2.5;30.0;40.0;"tief";46.2021709;7.3698173
"https://www.schweizer-wanderwege.ch/de/wandervorschlaege/792/Winterwanderung-Fluhalp";"Winterwanderung Fluhalp";"Blauherd";"VS";"";0;80.0;4.2;150.0;150.0;"tief";46.0168521;7.7873632
"https://www.schweizer-wanderwege.ch/de/wandervorschlaege/855/Von-Gontenbad-nach-Jakobsbad";"Von Gontenbad nach Jakobsbad";"Gontenbad — Jakobsbad";"AI";"";0;80.0;4.5;65.0;75.0;"tief";47.3319339;9.3721845
"https://www.schweizer-wanderwege.ch/de/wandervorschlaege/854/Rundwanderung-auf-dem-Zugerberg";"Rundwanderung auf dem Zugerberg";"Zugerberg";"ZG";"";0;235.0;12.7;280.0;280.0;"hoch";47.1437602;8.5337843
"https://www.schweizer-wanderwege.ch/de/wandervorschlaege/851/Von-Heiligenschwendi-nach-Schwanden";"Von Heiligenschwendi nach Schwanden";"Schwendi — Schwanden";"BE";"";0;105.0;5.2;150.0;175.0;"tief";48.1756438;9.9784952
"https://www.schweizer-wanderwege.ch/de/wandervorschlaege/850/Von-Aminona-nach-Montana";"Von Aminona nach Montana";"Aminona — Montana";"VS";"";0;235.0;11.3;440.0;485.0;"hoch";46.3314255;7.5322704
"https://www.schweizer-wanderwege.ch/de/wandervorschlaege/849/Von-Les-Paccots-nach-Les-Guederes";"Von Les Paccots nach Les Guedères";"Les Paccots";"FR";"";0;150.0;8.7;240.0;240.0;"mittel";46.5220308;6.9465972
"https://www.schweizer-wanderwege.ch/de/wandervorschlaege/848/Von-La-Corbatiere-nach-La-Sagne";"Von La Corbatière nach La Sagne";"La Corbatière — La Sagne";"NE";"";0;145.0;7.5;150.0;230.0;"mittel";47.0663671;6.8347807
"https://www.schweizer-wanderwege.ch/de/wandervorschlaege/918/Winterwandern-und-schlitteln-4";"Winterwandern und schlitteln 4";"Muottas Muragl";"GR";"";0;155.0;6.1;370.0;370.0;"mittel";46.5239561;9.9098329
"https://www.schweizer-wanderwege.ch/de/wandervorschlaege/916/Winterwandern-und-schlitteln-3";"Winterwandern und schlitteln 3";"Cancori";"TI";"";0;105.0;4.3;135.0;135.0;"tief";46.4596559;8.8991911
"https://www.schweizer-wanderwege.ch/de/wandervorschlaege/915/Winterzauber-an-der-Sonne";"Winterzauber an der Sonne";"Eggbergen — Ratzi";"UR";"";0;280.0;12.4;645.0;585.0;"hoch";0.0;0.0
"https://www.schweizer-wanderwege.ch/de/wandervorschlaege/914/In-der-Kalte-von-La-Brevine";"In der Kälte von La Brévine";"La Brévine";"NE";"";0;70.0;3.9;115.0;115.0;"tief";46.9801928;6.6070172
"https://www.schweizer-wanderwege.ch/de/wandervorschlaege/913/Vielfaltiges-Selibuel";"Vielfältiges Selibüel";"Gurnigel, Wasserscheidi";"BE";"";0;105.0;4.6;255.0;255.0;"mittel";0.0;0.0
"https://www.schweizer-wanderwege.ch/de/wandervorschlaege/912/Den-Gantrisch-im-Blickfeld";"Den Gantrisch im Blickfeld";"Gurnigel, Berghaus";"BE";"";0;70.0;3.1;170.0;170.0;"tief";46.7335645;7.453424
"https://www.schweizer-wanderwege.ch/de/wandervorschlaege/910/Winterwandern-und-schlitteln-2";"Winterwandern und schlitteln 2";"Vorsass — Beatenberg Station";"BE";"";0;85.0;5.8;5.0;455.0;"mittel";46.7015964;7.7722918
"https://www.schweizer-wanderwege.ch/de/wandervorschlaege/782/Frisch-verschneite-Riederalp";"Frisch verschneite Riederalp";"Riederalp — Stn. Moosfluh";"VS";"";0;145.0;5.2;470.0;40.0;"hoch";46.3782021;8.0334815
"https://www.schweizer-wanderwege.ch/de/wandervorschlaege/947/Mystisches-Vallee-de-Joux";"Mystisches Vallée de Joux";"La Douane, Les Esserts";"VD";"";0;90.0;4.8;65.0;65.0;"tief";0.0;0.0
"https://www.schweizer-wanderwege.ch/de/wandervorschlaege/946/Marchenhaftes-Toggenburgerland";"Märchenhaftes Toggenburgerland";"Alp Sellamatt";"SG";"";0;185.0;9.3;300.0;300.0;"mittel";47.1764433;9.3002863
"https://www.schweizer-wanderwege.ch/de/wandervorschlaege/959/Haldi-fur-jedes-Wetter";"Haldi für jedes Wetter";"Haldi";"UR";"";0;135.0;7.3;385.0;390.0;"hoch";58.8076697;22.4657466
"https://www.schweizer-wanderwege.ch/de/wandervorschlaege/1044/Hoch-uber-dem-Vierwaldstattersee";"Hoch über dem Vierwaldstättersee";"Rigi Kulm — Rigi Scheidegg";"SZ";"";0;205.0;9.1;320.0;425.0;"mittel";47.0567857;8.4861404
"https://www.schweizer-wanderwege.ch/de/wandervorschlaege/1043/Weitsicht-hoch-uber-dem-Walensee";"Weitsicht hoch über dem Walensee";"Arvenbüel";"SG";"";0;165.0;6.7;310.0;310.0;"mittel";47.1474357;9.1731764
"https://www.schweizer-wanderwege.ch/de/wandervorschlaege/1040/Hoch-uber-dem-Haslital";"Hoch über dem Haslital";"Hasliberg Reuti — Brünigpass";"BE";"";0;220.0;9.5;365.0;420.0;"hoch";46.7326511;8.2105515
"https://www.schweizer-wanderwege.ch/de/wandervorschlaege/1039/Auf-dem-jurassischen-Hochplateau";"Auf dem jurassischen Hochplateau";"Le Pré Petitjean — Muriaux";"JU";"";0;165.0;8.4;180.0;150.0;"mittel";48.1010988;6.9175319
"https://www.schweizer-wanderwege.ch/de/wandervorschlaege/1038/Hoch-uber-dem-Vispertal";"Hoch über dem Vispertal";"Törbel — Bürchen";"VS";"";0;165.0;7.9;185.0;270.0;"mittel";46.2385196;7.851508
"https://www.schweizer-wanderwege.ch/de/wandervorschlaege/1037/Im-Hochtal-von-Les-Diablerets";"Im Hochtal von Les Diablerets";"Les Diablerets";"VD";"";0;150.0;8.0;180.0;180.0;"mittel";46.3511021;7.1566435
"https://www.schweizer-wanderwege.ch/de/wandervorschlaege/1057/Auf-Sonnensuche-bei-Sedrun";"Auf Sonnensuche bei Sedrun";"Bahnhof Tschamut-Selva";"GR";"";0;145.0;6.5;300.0;300.0;"mittel";0.0;0.0
"https://www.schweizer-wanderwege.ch/de/wandervorschlaege/1056/Zuhinterst-im-Diemtigtal-2";"Zuhinterst im Diemtigtal 2";"Grimmialp";"BE";"";0;155.0;6.8;370.0;370.0;"mittel";46.57316;7.4851984
"https://www.schweizer-wanderwege.ch/de/wandervorschlaege/1055/Zuhinterst-im-Diemtigtal-1";"Zuhinterst im Diemtigtal 1";"Springebode";"BE";"";0;130.0;6.6;250.0;250.0;"mittel";0.0;0.0
"https://www.schweizer-wanderwege.ch/de/wandervorschlaege/1054/Wandern-zu-Spektakeln-4";"Wandern zu Spektakeln 4";"Brambrüesch — Mutta";"GR";"";0;215.0;8.2;805.0;380.0;"hoch";46.8261726;9.5170869
"https://www.schweizer-wanderwege.ch/de/wandervorschlaege/1052/Wandern-zu-Spektakeln-2";"Wandern zu Spektakeln 2";"Giswil";"OW";"";0;265.0;11.5;580.0;580.0;"hoch";46.838175;8.1880027
"https://www.schweizer-wanderwege.ch/de/wandervorschlaege/1051/Wandern-zu-Spektakeln-1";"Wandern zu Spektakeln 1";"Lehmen — Kronberg";"AI";"";0;200.0;5.7;740.0;60.0;"hoch";50.2839386;7.454023
"https://www.schweizer-wanderwege.ch/de/wandervorschlaege/1046/Auf-der-winterlichen-Via-Engiadina";"Auf der winterlichen Via Engiadina";"Lavin — Ardez";"GR";"";0;245.0;10.1;455.0;455.0;"hoch";46.7678263;10.1114901
"https://www.schweizer-wanderwege.ch/de/wandervorschlaege/1061/Auf-Sonnensuche-bei-Sedrun";"Auf Sonnensuche bei Sedrun";"Segnas, Bahnhof — Mumpé Tujetsch";"GR";"";0;125.0;4.7;330.0;260.0;"mittel";0.0;0.0
"https://www.schweizer-wanderwege.ch/de/wandervorschlaege/1074/Tiefverschneite-Baderegg";"Tiefverschneite Bäderegg";"Jaunpass, Restaurant";"BE";"";0;90.0;5.3;155.0;155.0;"tief";46.591426;7.33747
"https://www.schweizer-wanderwege.ch/de/wandervorschlaege/1076/Vertraumte-Schneelandschaft";"Verträumte Schneelandschaft";"Ruogig — Biel";"UR";"";0;60.0;2.8;55.0;160.0;"tief";46.903213;8.6879629
"https://www.schweizer-wanderwege.ch/de/wandervorschlaege/1109/Aussicht-von-den-Sonnenhangen";"Aussicht von den Sonnenhängen";"Mägisalp — Hasliberg Reuti";"BE";"";0;265.0;13.0;245.0;890.0;"hoch";46.7498245;8.2363643
"https://www.schweizer-wanderwege.ch/de/wandervorschlaege/1101/Schneeschuhtour-im-Val-d-Anniviers";"Schneeschuhtour im Val d‘Anniviers";"St. Luc, Tignousa — St. Luc, Le Prilett";"VS";"";0;405.0;14.5;830.0;1310.0;"hoch";46.2284033;7.6110587
"https://www.schweizer-wanderwege.ch/de/wandervorschlaege/1167/Ein-Nachmittag-in-jurassischen-Laubwaldern";"Ein Nachmittag in jurassischen Laubwäldern";"Beurnevésin, poste";"JU";"";0;140.0;8.9;245.0;245.0;"tief";47.4922216;7.1356228
"https://www.schweizer-wanderwege.ch/de/wandervorschlaege/1166/Walserspuren-im-Fondei";"Walserspuren im Fondei";"Langwies";"GR";"";0;350.0;13.2;630.0;630.0;"hoch";46.5124342;16.9303859
"https://www.schweizer-wanderwege.ch/de/wandervorschlaege/1177/Alpenpanorama-uber-dem-Nebelmeer";"Alpenpanorama über dem Nebelmeer";"Weissenstein";"SO";"";0;55.0;4.6;110.0;110.0;"tief";58.8869266;25.5699121
"https://www.schweizer-wanderwege.ch/de/wandervorschlaege/1176/Stille-Wintertage-im-Averstal";"Stille Wintertage im Averstal";"Avers, Juppa";"GR";"";0;110.0;7.5;120.0;120.0;"mittel";46.4523137;9.5484153
"https://www.schweizer-wanderwege.ch/de/wandervorschlaege/1175/Wunderbare-Wintersperre-im-Urserental";"Wunderbare Wintersperre im Urserental";"Realp";"UR";"";0;275.0;14.3;580.0;580.0;"hoch";46.5988457;8.5020509
"https://www.schweizer-wanderwege.ch/de/wandervorschlaege/1174/Auf-der-Hochebene-am-Col-des-Etroits";"Auf der Hochebene am Col des Etroits";"Col des Etroits";"VD";"";0;195.0;8.4;275.0;275.0;"hoch";46.8298657;6.4950363
"https://www.schweizer-wanderwege.ch/de/wandervorschlaege/1173/Panoramatour-uber-dem-Val-d-Anniviers";"Panoramatour über dem Val d’Anniviers";"Tignousa";"VS";"";0;240.0;10.4;370.0;370.0;"hoch";46.2284033;7.6110587
"https://www.schweizer-wanderwege.ch/de/wandervorschlaege/1172/Panoramaweg-am-Adelbodner-Sonnenhang";"Panoramaweg am Adelbodner Sonnenhang";"Adelboden";"BE";"";0;165.0;8.0;310.0;310.0;"mittel";46.4927213;7.5587618
"https://www.schweizer-wanderwege.ch/de/wandervorschlaege/1171/Einsamer-Wintertag-im-Greyerzerland";"Einsamer Wintertag im Greyerzerland";"Allières";"FR";"";0;185.0;6.7;280.0;280.0;"mittel";43.0361187;1.3662951
"https://www.schweizer-wanderwege.ch/de/wandervorschlaege/1188/Windiger-Mont-Crosin";"Windiger Mont Crosin";"Mont-Soleil";"BE";"";0;300.0;12.0;270.0;270.0;"hoch";47.1657807;6.9893661
"https://www.schweizer-wanderwege.ch/de/wandervorschlaege/1187/Im-Reich-der-Schneehuhner";"Im Reich der Schneehühner";"St-Martin VS";"VS";"";0;385.0;8.8;795.0;795.0;"hoch";46.1733718;7.4421788
"https://www.schweizer-wanderwege.ch/de/wandervorschlaege/1186/Verschneite-Alp-in-Engelberg";"Verschneite Alp in Engelberg";"Engelberg — Gerschni";"OW";"";0;150.0;6.3;370.0;100.0;"mittel";46.8223497;8.4043996
"https://www.schweizer-wanderwege.ch/de/wandervorschlaege/1185/Verschneite-Suone-in-Grachen";"Verschneite Suone in Grächen";"Grächen, Post";"VS";"";0;145.0;5.7;120.0;120.0;"tief";46.1949266;7.8383626
"https://www.schweizer-wanderwege.ch/de/wandervorschlaege/1184/Von-Arosa-zur-Lenzerheide";"Von Arosa zur Lenzerheide";"Arosa, Prätschli — Lenzerheide, Rothornbahn";"GR";"";0;425.0;17.7;765.0;1185.0;"hoch";46.783882;9.679442
"https://www.schweizer-wanderwege.ch/de/wandervorschlaege/1183/Ein-Tee-mit-Aussicht";"Ein Tee mit Aussicht";"Arosa, Prätschli";"GR";"";0;145.0;6.5;220.0;220.0;"mittel";46.783882;9.679442
"https://www.schweizer-wanderwege.ch/de/wandervorschlaege/1182/Auf-und-Ab-in-Tschiertschen";"Auf und Ab in Tschiertschen";"Tschiertschen, Waldstafel — Parpan";"GR";"";0;225.0;9.9;315.0;635.0;"hoch";46.806546;9.5977001
"https://www.schweizer-wanderwege.ch/de/wandervorschlaege/1180/Hohenweg-in-Braunwald";"Höhenweg in Braunwald";"Braunwald";"GL";"";0;155.0;7.5;190.0;190.0;"mittel";46.9392639;8.9984978
"https://www.schweizer-wanderwege.ch/de/wandervorschlaege/1179/Hoch-uber-Airolo";"Hoch über Airolo";"Pesciüm";"TI";"";0;95.0;4.7;140.0;140.0;"tief";46.5138878;8.606985
"https://www.schweizer-wanderwege.ch/de/wandervorschlaege/1178/Ruhige-Sonnenseite-uber-Wildhaus";"Ruhige Sonnenseite über Wildhaus";"Wildhaus";"SG";"";0;200.0;8.0;360.0;360.0;"mittel";47.2033184;9.3507024
"https://www.schweizer-wanderwege.ch/de/wandervorschlaege/1191/Grenzwandern-in-Schaffhausen";"Grenzwandern in Schaffhausen";"Hallau, Gemeindehaus — Trasadingen";"SH";"";0;205.0;13.1;340.0;365.0;"mittel";47.6975304;8.4597761
"https://www.schweizer-wanderwege.ch/de/wandervorschlaege/121/Entlang-der-Gastlosen-zum-Soldatenhaus";"Entlang der Gastlosen zum Soldatenhaus";"Mauzes Bergle — Jaun";"FR";"";0;285.0;9.9;320.0;875.0;"hoch";46.5951301;7.2828468
"https://www.schweizer-wanderwege.ch/de/wandervorschlaege/120/Unter-den-Freiburger-Dents-Vertes";"Unter den Freiburger Dents Vertes";"Pré de l'Essert, Pt. 1024";"AR";"";0;175.0;6.9;355.0;355.0;"mittel";46.6451996;7.2187275
"https://www.schweizer-wanderwege.ch/de/wandervorschlaege/110/Winterzauber-im-Saanenland";"Winterzauber im Saanenland";"Lauenen";"BE";"";0;125.0;9.9;250.0;250.0;"mittel";46.4247066;7.3223985
"https://www.schweizer-wanderwege.ch/de/wandervorschlaege/128/Winterfreuden-im-Turbachtal";"Winterfreuden im Turbachtal";"Turbach, Rotengraben — Gstaad";"BE";"";0;175.0;9.0;85.0;415.0;"mittel";0.0;0.0
"https://www.schweizer-wanderwege.ch/de/wandervorschlaege/125/Im-Herzen-des-Thurgaus";"Im Herzen des Thurgaus";"Weinfelden — Sulgen";"TG";"T1";1;230.0;15.6;160.0;140.0;"mittel";47.5669187;9.1097539
"https://www.schweizer-wanderwege.ch/de/wandervorschlaege/123/Durch-verschneite-Jurahohen";"Durch verschneite Jurahöhen";"Col des Etroits";"VD";"";0;175.0;8.1;245.0;245.0;"mittel";46.8298657;6.4950363
"https://www.schweizer-wanderwege.ch/de/wandervorschlaege/122/Bergbeizlitour-rund-um-Urnasch";"Bergbeizlitour rund um Urnäsch";"Urnäsch";"AR";"";0;255.0;10.7;585.0;585.0;"hoch";47.3178621;9.2834506
"https://www.schweizer-wanderwege.ch/de/wandervorschlaege/138/Immer-der-Sonne-entgegen";"Immer der Sonne entgegen";"Höhi Wispile — Gsteig b. Gstaad";"BE";"";0;180.0;8.6;110.0;835.0;"hoch";0.0;0.0
"https://www.schweizer-wanderwege.ch/de/wandervorschlaege/137/Runden-drehen-im-Lenker-Schnee";"Runden drehen im Lenker Schnee";"Betelberg";"BE";"";0;105.0;4.8;220.0;225.0;"mittel";46.4356604;7.4229011
"https://www.schweizer-wanderwege.ch/de/wandervorschlaege/1192/Auf-den-Fahnerenspitz";"Auf den Fähnerenspitz";"Brülisau";"AI";"";0;310.0;8.5;625.0;625.0;"hoch";47.2970696;9.4561264
"https://www.schweizer-wanderwege.ch/de/wandervorschlaege/1199/Thurgauer-Rebenweg";"Thurgauer Rebenweg";"Oberneunforn — Frauenfeld";"TG";"";0;215.0;14.2;240.0;310.0;"mittel";47.6058883;8.7678049
"https://www.schweizer-wanderwege.ch/de/wandervorschlaege/1206/Durch-das-Hochmoor-zum-Kloster-Einsiedeln";"Durch das Hochmoor zum Kloster Einsiedeln";"Rothenthurm — Einsiedeln";"SZ";"";0;150.0;9.5;200.0;245.0;"tief";47.1047258;8.6748441
"https://www.schweizer-wanderwege.ch/de/wandervorschlaege/1216/Panoramaweg-durch-Murren";"Panoramaweg durch Mürren";"Gimmelwald — Grütschalp";"BE";"";0;175.0;8.0;290.0;160.0;"mittel";46.5468623;7.8940031
"https://www.schweizer-wanderwege.ch/de/wandervorschlaege/1215/Winterfruhling-uber-Davos";"Winterfrühling über Davos";"Ischalp — Davos Platz";"GR";"";0;190.0;9.1;140.0;520.0;"mittel";46.7863826;9.832945
"https://www.schweizer-wanderwege.ch/de/wandervorschlaege/1214/Zwischen-Bettmeralp-und-Fiescheralp";"Zwischen Bettmeralp und Fiescheralp";"Bettmeralp — Fiescheralp";"VS";"";0;175.0;5.9;355.0;70.0;"mittel";46.3905924;8.0627954
"https://www.schweizer-wanderwege.ch/de/wandervorschlaege/1213/Zum-Denkmal-auf-der-Belalp";"Zum Denkmal auf der Belalp";"Belalp — Bergstation Hohbiel";"VS";"";0;165.0;3.8;595.0;15.0;"hoch";46.3714358;7.9724714
"https://www.schweizer-wanderwege.ch/de/wandervorschlaege/1208/Wo-einst-der-heilige-Martin-wanderte";"Wo einst der heilige Martin wanderte";"Empächli";"GL";"";0;180.0;5.2;290.0;290.0;"mittel";46.9219717;9.1542662
"https://www.schweizer-wanderwege.ch/de/wandervorschlaege/1223/Von-Ittingen-nach-Stammheim";"Von Ittingen nach Stammheim";"Kartause Ittingen — Stammheim Bahnhof";"TG";"";0;235.0;15.7;255.0;235.0;"mittel";47.5832841;8.8658328
"https://www.schweizer-wanderwege.ch/de/wandervorschlaege/1220/Von-Chavannes-de-Bogis-nach-Versoix";"Von Chavannes-de-Bogis nach Versoix";"Chavanne-de-Bogis — Versoix";"VD";"";0;205.0;15.1;150.0;235.0;"mittel";0.0;0.0
"https://www.schweizer-wanderwege.ch/de/wandervorschlaege/1218/Sonnenbaden-im-Angesicht-der-Churfirsten";"Sonnenbaden im Angesicht der Churfirsten";"Flumserberg, Mittenwald — Bergstation Prodalp";"SG";"";0;70.0;3.3;320.0;30.0;"mittel";47.0900578;9.2979714
"https://www.schweizer-wanderwege.ch/de/wandervorschlaege/1217/Von-Wil-AG-uber-den-Laubberg-nach-Remigen";"Von Wil AG über den Laubberg nach Remigen";"Wil AG — Remigen";"AG";"";0;210.0;12.3;455.0;440.0;"mittel";47.5609977;8.1519962
"https://www.schweizer-wanderwege.ch/de/wandervorschlaege/1235/Auf-direktem-Weg-zum-Spital";"Auf direktem Weg zum Spital";"Unteriberg, Guggelstrasse — Gross, Ebenau";"SZ";"";0;330.0;9.9;665.0;705.0;"hoch";47.0580562;8.7993113
"https://www.schweizer-wanderwege.ch/de/wandervorschlaege/1226/Chuematten-Trail-am-Niederhorn";"Chüematten-Trail am Niederhorn";"Beatenberg Vorsass — Waldegg";"BE";"";0;295.0;10.6;440.0;780.0;"hoch";46.7015964;7.7722918
"https://www.schweizer-wanderwege.ch/de/wandervorschlaege/1237/Von-St-Blaise-nach-Le-Landeron";"Von St-Blaise nach Le Landeron";"St-Blaise — Le Landeron";"NE";"";0;170.0;10.3;365.0;395.0;"mittel";50.3523312;-4.725889
"https://www.schweizer-wanderwege.ch/de/wandervorschlaege/1253/Skandinavien-im-Simmental";"Skandinavien im Simmental";"Lenk, Metschbahnen";"BE";"";0;160.0;7.0;55.0;55.0;"tief";46.4419584;7.456698
"https://www.schweizer-wanderwege.ch/de/wandervorschlaege/1274/Uber-den-Frienisberger-Chutzen-nach-Aarberg";"Über den Frienisberger Chutzen nach Aarberg";"Frieswil — Aarberg";"BE";"T1";1;180.0;11.8;205.0;430.0;"mittel";46.9950916;7.2850597
"https://www.schweizer-wanderwege.ch/de/wandervorschlaege/1272/Der-Kleinen-Emme-entlang-durchs-Entlebuch";"Der Kleinen Emme entlang durchs Entlebuch";"Wolhusen, Neuemsern-Rossei — Hasle LU";"LU";"T1";1;160.0;9.9;295.0;185.0;"mittel";0.0;0.0
"https://www.schweizer-wanderwege.ch/de/wandervorschlaege/1291/Von-Zermatt-in-den-Alpweiler-Zmutt";"Von Zermatt in den Alpweiler Zmutt";"Zermatt";"VS";"";0;240.0;10.6;440.0;440.0;"hoch";46.0212076;7.749254
"https://www.schweizer-wanderwege.ch/de/wandervorschlaege/1290/Rundweg-von-Brulisau-zum-Plattenbodeli";"Rundweg von Brülisau zum Plattenbödeli";"Brülisau";"AI";"";0;215.0;8.7;475.0;475.0;"hoch";47.2970696;9.4561264
"https://www.schweizer-wanderwege.ch/de/wandervorschlaege/1289/Schneeschuhtour-am-Col-des-Mosses";"Schneeschuhtour am Col des Mosses";"Col des Mosses — La Lécherette";"VD";"";0;245.0;8.6;455.0;520.0;"hoch";46.3989758;7.1026303
"https://www.schweizer-wanderwege.ch/de/wandervorschlaege/1288/Von-Mendrisio-durch-die-Gole-della-Breggia";"Von Mendrisio durch die Gole della Breggia";"Mendrisio — Vacallo, piazza";"TI";"T1";1;225.0;10.9;575.0;545.0;"mittel";45.8709661;8.9875293
"https://www.schweizer-wanderwege.ch/de/wandervorschlaege/1287/Von-Oberberg-an-die-Ibergeregg";"Von Oberberg an die Ibergeregg";"Oberberg St. Karl";"SZ";"";0;190.0;10.8;520.0;520.0;"hoch";46.9999576;8.7202102
"https://www.schweizer-wanderwege.ch/de/wandervorschlaege/1286/Von-La-Brevine-zum-Lac-des-Tailleres";"Von La Brévine zum Lac des Taillères";"La Brévine";"NE";"";0;70.0;4.5;30.0;30.0;"tief";46.9801928;6.6070172
"https://www.schweizer-wanderwege.ch/de/wandervorschlaege/1285/Rund-um-den-Piz-Mundaun";"Rund um den Piz Mundaun";"Obersaxen, Affeier Dorf — Vella";"GR";"";0;275.0;12.9;400.0;450.0;"hoch";46.7563393;9.1198528
"https://www.schweizer-wanderwege.ch/de/wandervorschlaege/1284/Auf-Schneeschuhen-zum-Leiterhorn";"Auf Schneeschuhen zum Leiterhorn";"Wengen";"BE";"";0;155.0;5.8;305.0;305.0;"mittel";46.6577188;11.9243258
"https://www.schweizer-wanderwege.ch/de/wandervorschlaege/1283/Auf-dem-Aare-Uferweg-nach-Bern";"Auf dem Aare-Uferweg nach Bern";"Münsingen — Bern, Tierpark";"BE";"T1";1;195.0;13.6;60.0;65.0;"mittel";46.8739775;7.5631943
"https://www.schweizer-wanderwege.ch/de/wandervorschlaege/1282/Durch-das-Surbtal";"Durch das Surbtal";"Tegerfelden, Hochbrücke — Lengnau AG";"AG";"T1";1;175.0;11.2;265.0;220.0;"mittel";47.5608453;8.2868629
"https://www.schweizer-wanderwege.ch/de/wandervorschlaege/1297/Magisches-Val-Roseg-GR";"Magisches Val Roseg GR";"Pontresina — Roseg";"GR";"";0;140.0;6.9;240.0;10.0;"mittel";46.489993;9.9042965
"https://www.schweizer-wanderwege.ch/de/wandervorschlaege/1412/Winterwanderung-zur-Britanniahutte";"Winterwanderung zur Britanniahütte";"Felskinn";"VS";"";0;130.0;5.1;315.0;315.0;"mittel";46.0688082;7.9156999
"https://www.schweizer-wanderwege.ch/de/wandervorschlaege/1411/Auf-der-Gossigenhochi-im-Toggenburg";"Auf der Gössigenhöchi im Toggenburg";"Hemberg — Ennetbühl";"SG";"";0;340.0;9.9;685.0;750.0;"hoch";47.3004656;9.1756588
"https://www.schweizer-wanderwege.ch/de/wandervorschlaege/1410/Uber-den-Heuberg-ins-Fricktal";"Über den Heuberg ins Fricktal";"Laufenburg — Oeschgen";"AG";"T1";1;190.0;10.7;450.0;430.0;"mittel";47.5671976;8.0599414
"https://www.schweizer-wanderwege.ch/de/wandervorschlaege/1409/Sich-verlieren-in-den-Freibergen";"Sich verlieren in den Freibergen";"Le Noirmont — Les Bois";"JU";"";0;230.0;10.0;205.0;145.0;"hoch";46.4841774;6.1157508
"https://www.schweizer-wanderwege.ch/de/wandervorschlaege/1408/Auf-der-Wandflue-des-Grenchenbergs";"Auf der Wandflue des Grenchenbergs";"Untergrenchenberg";"SO";"";0;105.0;5.3;175.0;175.0;"mittel";47.2214876;7.3810915
"https://www.schweizer-wanderwege.ch/de/wandervorschlaege/1407/Winterwanderung-im-Lotschental";"Winterwanderung im Lötschental";"Blatten — Kippel";"VS";"";0;95.0;5.0;70.0;215.0;"tief";46.4436311;7.856841
"https://www.schweizer-wanderwege.ch/de/wandervorschlaege/1406/Aussichtsreich-uber-dem-Goms";"Aussichtsreich über dem Goms";"Flesche — Bellwald";"VS";"";0;75.0;3.2;95.0;555.0;"mittel";46.3415147;8.001603
"https://www.schweizer-wanderwege.ch/de/wandervorschlaege/1405/Und-ewig-lockt-das-Matterhorn";"Und ewig lockt das Matterhorn";"Sunnegga — Zermatt";"VS";"";0;155.0;6.9;25.0;720.0;"mittel";46.0171665;7.7697586
"https://www.schweizer-wanderwege.ch/de/wandervorschlaege/69/Unter-dem-majestatischen-Zervreilahorn";"Unter dem majestätischen Zervreilahorn";"Gadenstatt — Zervreila";"GR";"";0;125.0;5.4;240.0;215.0;"mittel";47.002541;8.0352078
"https://www.schweizer-wanderwege.ch/de/wandervorschlaege/86/Das-Stockhorn-im-Blick-BE";"Das Stockhorn im Blick BE";"Rossberg";"BE";"";0;140.0;4.8;290.0;290.0;"mittel";47.4627404;8.7142478
"https://www.schweizer-wanderwege.ch/de/wandervorschlaege/85/Auf-der-Terrasse-ob-Brig-VS";"Auf der Terrasse ob Brig VS";"Rosswald";"VS";"";0;145.0;4.9;415.0;415.0;"mittel";50.2047485;17.689208
"https://www.schweizer-wanderwege.ch/de/wandervorschlaege/96/Auf-Schneeschuhen-auf-den-Gumm";"Auf Schneeschuhen auf den Gumm";"Melchsee-Frutt";"OW";"";0;250.0;9.5;320.0;315.0;"hoch";46.7741051;8.2695375
"https://www.schweizer-wanderwege.ch/de/wandervorschlaege/94/Uber-die-Melchsee-Frutt-zur-Tannalp";"Über die Melchsee-Frutt zur Tannalp";"Melchsee-Frutt";"OW";"";0;170.0;8.9;175.0;175.0;"mittel";46.7741051;8.2695375
"https://www.schweizer-wanderwege.ch/de/wandervorschlaege/91/Gastlichkeit-in-Hoch-Ybrig";"Gastlichkeit in Hoch Ybrig";"Hoch-Ybrig, Talst. Weglosen — Druesberghütte";"SZ";"";0;160.0;3.8;550.0;5.0;"hoch";0.0;0.0
"https://www.schweizer-wanderwege.ch/de/wandervorschlaege/109/Engadiner-Schneetraum-im-Val-Fex";"Engadiner Schneetraum im Val Fex";"Sils/Segl Maria, Posta";"GR";"";0;145.0;6.9;335.0;335.0;"mittel";46.4302391;9.7650386
"https://www.schweizer-wanderwege.ch/de/wandervorschlaege/108/Winterwanderung-uber-dem-Val-de-Bagnes";"Winterwanderung über dem Val de Bagnes";"Verbier, Crettaz Cô — Verbier TV";"VS";"";0;265.0;11.5;575.0;515.0;"hoch";46.0978697;7.2177319
"https://www.schweizer-wanderwege.ch/de/wandervorschlaege/106/Vom-Wynental-ins-Seetal";"Vom Wynental ins Seetal";"Teufenthal AG — Lenzburg";"AG";"T1";1;240.0;14.4;400.0;445.0;"mittel";47.3300709;8.1152406
"https://www.schweizer-wanderwege.ch/de/wandervorschlaege/1252/Grenzwandern-vor-den-Toren-von-Basel";"Grenzwandern vor den Toren von Basel";"Rodersdorf — Schönenbuch";"SO";"T1";1;190.0;12.5;220.0;260.0;"mittel";47.4806046;7.4566901
"https://www.schweizer-wanderwege.ch/de/wandervorschlaege/1250/Familienplausch-auf-der-Klewenalp";"Familienplausch auf der Klewenalp";"Klewenalp — Stockhütte";"NW";"";0;75.0;4.3;110.0;425.0;"mittel";46.9391136;8.4741614
"https://www.schweizer-wanderwege.ch/de/wandervorschlaege/1249/Durch-den-Zauberwald-unter-dem-Ortstock-GL";"Durch den Zauberwald unter dem Ortstock GL";"Grotzenbühl";"GL";"";0;180.0;7.7;415.0;415.0;"hoch";46.9498003;8.9943976
"https://www.schweizer-wanderwege.ch/de/wandervorschlaege/1292/Schneeschuhwanderung-uber-dem-Genfersee";"Schneeschuhwanderung über dem Genfersee";"Stn. Les Têtes";"VS";"";0;265.0;8.7;660.0;660.0;"hoch";0.0;0.0
"https://www.schweizer-wanderwege.ch/de/wandervorschlaege/1355/Unterwegs-im-Schwarzbubenland";"Unterwegs im Schwarzbubenland";"Zullwil — Breitenbach";"SO";"T1";1;205.0;11.6;465.0;660.0;"mittel";47.3905084;7.6000186
"https://www.schweizer-wanderwege.ch/de/wandervorschlaege/1383/Von-Gais-nach-Stoss-und-zuruck";"Von Gais nach Stoss und zurück";"Gais";"AR";"";0;160.0;8.2;165.0;165.0;"mittel";46.8331565;11.9474837
"https://www.schweizer-wanderwege.ch/de/wandervorschlaege/1382/Von-Guttet-nach-Albinen";"Von Guttet nach Albinen";"Guttet — Albinen";"VS";"";0;180.0;8.2;320.0;345.0;"mittel";46.3247591;7.6660092
"https://www.schweizer-wanderwege.ch/de/wandervorschlaege/1381/Von-Attiswil-nach-Wangen-an-der-Aare";"Von Attiswil nach Wangen an der Aare";"Attiswil — Wangen a.d.A.";"BE";"T1";1;190.0;12.1;275.0;315.0;"mittel";47.2492334;7.6133081
"https://www.schweizer-wanderwege.ch/de/wandervorschlaege/1380/Mit-Schneeschuhen-uber-den-Mont-Soleil";"Mit Schneeschuhen über den Mont-Soleil";"Stn. Mont-Soleil — Mont Crosin";"BE";"";0;165.0;7.2;160.0;165.0;"mittel";0.0;0.0
"https://www.schweizer-wanderwege.ch/de/wandervorschlaege/1379/Von-Saanenmoser-nach-Gstaad";"Von Saanenmöser nach Gstaad";"Saanenmöser — Gstaad";"BE";"";0;125.0;6.5;95.0;315.0;"tief";46.5144482;7.3046961
"https://www.schweizer-wanderwege.ch/de/wandervorschlaege/1374/Auf-weissen-Wegen-zur-Schwarzwaldalp-BE";"Auf weissen Wegen zur Schwarzwaldalp BE";"Gschwantenmad — Schwarzwaldalp";"BE";"";0;70.0;3.0;200.0;55.0;"mittel";46.6888748;8.1605699
"https://www.schweizer-wanderwege.ch/de/wandervorschlaege/1388/Von-Marbach-nach-Bumbach";"Von Marbach nach Bumbach";"Marbach LU, Dorf — Bumbach, Alpenrose";"LU";"";0;225.0;9.8;465.0;405.0;"hoch";46.8542515;7.8997465
"https://www.schweizer-wanderwege.ch/de/wandervorschlaege/1387/Gipfeltour-auf-den-Monte-Caslano";"Gipfeltour auf den Monte Caslano";"Caslano stazione — Magliaso";"TI";"T2";2;160.0;9.4;355.0;355.0;"mittel";45.9740071;8.8796805
"https://www.schweizer-wanderwege.ch/de/wandervorschlaege/1386/Schneeschuhtour-am-Mont-Pelerin";"Schneeschuhtour am Mont Pèlerin";"Stn. Mont Pèlerin";"VD";"";0;290.0;12.6;450.0;445.0;"hoch";0.0;0.0
"https://www.schweizer-wanderwege.ch/de/wandervorschlaege/1385/Von-Klosters-zur-Alp-Garfiun";"Von Klosters zur Alp Garfiun";"Klosters Platz";"GR";"";0;245.0;13.4;245.0;245.0;"hoch";46.869383;9.8809843
"https://www.schweizer-wanderwege.ch/de/wandervorschlaege/1384/Von-Liestal-nach-Rheinfelden";"Von Liestal nach Rheinfelden";"Liestal — Rheinfelden";"BL";"T1";1;280.0;17.0;565.0;610.0;"hoch";47.4839723;7.7347783
"https://www.schweizer-wanderwege.ch/de/wandervorschlaege/1458/Wintermarchen-in-den-Freiburger-Voralpen";"Wintermärchen in den Freiburger Voralpen";"Buvette des Amis de La Chia";"FR";"";0;120.0;5.3;335.0;335.0;"mittel";0.0;0.0
"https://www.schweizer-wanderwege.ch/de/wandervorschlaege/1443/Winterruhe-mit-rasantem-Abschluss";"Winterruhe mit rasantem Abschluss";"Weissenberge";"GL";"";0;85.0;3.6;175.0;175.0;"tief";52.6203333;10.5655511
"https://www.schweizer-wanderwege.ch/de/wandervorschlaege/1439/Eiger-und-Wetterhorn-im-Blick-BE";"Eiger und Wetterhorn im Blick BE";"Holenstein — Brandegg";"BE";"";0;145.0;5.2;125.0;410.0;"mittel";47.0311004;9.0771048
"https://www.schweizer-wanderwege.ch/de/wandervorschlaege/1434/Von-St-Antonien-nach-Partnun";"Von St. Antönien nach Partnun";"St. Antönien, Rüti — St. Antönien, Platz";"GR";"";0;200.0;9.7;325.0;375.0;"mittel";46.9722703;9.831016
"https://www.schweizer-wanderwege.ch/de/wandervorschlaege/1430/Hoch-uber-Sorenberg";"Hoch über Sörenberg";"Sörenberg, Rothornbahn — Sörenberg, Hirsegg";"LU";"";0;380.0;13.4;550.0;725.0;"hoch";0.0;0.0
"https://www.schweizer-wanderwege.ch/de/wandervorschlaege/1371/Schneeschuhtraum-auf-Gitschenen-UR";"Schneeschuhtraum auf Gitschenen UR";"Gitschenen";"UR";"";0;65.0;2.7;145.0;145.0;"tief";46.9003648;8.4986454
"https://www.schweizer-wanderwege.ch/de/wandervorschlaege/1378/Auf-dem-Roggi-s-Trail-GR";"Auf dem Roggi’s Trail GR";"Parsonz";"GR";"";0;155.0;4.8;355.0;355.0;"mittel";46.6100192;9.57179
"https://www.schweizer-wanderwege.ch/de/wandervorschlaege/1375/Die-Alpen-zum-Greifen-nah-LU";"Die Alpen zum Greifen nah LU";"Hildisrieden — Rothenburg Dorf";"LU";"T1";1;145.0;9.9;70.0;270.0;"tief";47.1513607;8.2266792
"https://www.schweizer-wanderwege.ch/de/wandervorschlaege/1541/Kiwis-und-Weinreben-am-Genfersee";"Kiwis und Weinreben am Genfersee";"Allaman — Rolle";"VD";"T1";1;105.0;7.1;95.0;110.0;"tief";46.4707776;6.396174
"https://www.schweizer-wanderwege.ch/de/wandervorschlaege/1546/Sonne-tanken-am-Lago-Maggiore";"Sonne tanken am Lago Maggiore";"Porto Ronco, Crodolo Verbano — Ascona, Centro";"TI";"T1";1;180.0;7.5;440.0;435.0;"mittel";46.1330818;8.718797
"https://www.schweizer-wanderwege.ch/de/wandervorschlaege/1552/Sich-den-Chasseron-verdienen";"Sich den Chasseron verdienen";"Les Rasses, village";"VD";"";0;285.0;10.9;525.0;525.0;"hoch";46.2634222;6.6313786
"https://www.schweizer-wanderwege.ch/de/wandervorschlaege/1562/Ein-Hauch-von-Arktis-im-Toggenburg";"Ein Hauch von Arktis im Toggenburg";"Wildhaus Oberdorf";"SG";"";0;230.0;10.0;415.0;415.0;"hoch";47.1915197;9.3449151
"https://www.schweizer-wanderwege.ch/de/wandervorschlaege/1561/Stille-Ecke-des-Oberengadins";"Stille Ecke des Oberengadins";"La Punt-Chamues-ch — Cinous-chel-Brail";"GR";"";0;295.0;15.5;260.0;330.0;"hoch";46.5788766;9.9260141
"https://www.schweizer-wanderwege.ch/de/wandervorschlaege/1560/Durch-das-stille-Schenkenbergtal";"Durch das stille Schenkenbergtal";"Schinznach Dorf, Oberdorf — Biberstein, Dorf";"AG";"T1";1;225.0;11.8;600.0;595.0;"mittel";47.4404603;8.1301174
"https://www.schweizer-wanderwege.ch/de/wandervorschlaege/1559/Wintervielfalt-im-Goms";"Wintervielfalt im Goms";"Münster VS — Biel VS";"VS";"";0;220.0;10.8;255.0;330.0;"hoch";46.4870672;8.2632237
"https://www.schweizer-wanderwege.ch/de/wandervorschlaege/1558/Winterzauber-im-Entlebuch";"Winterzauber im Entlebuch";"Heiligkreuz";"LU";"";0;130.0;5.8;310.0;310.0;"mittel";47.7498564;10.2832047
"https://www.schweizer-wanderwege.ch/de/wandervorschlaege/1557/Tiefblick-im-Kandertal";"Tiefblick im Kandertal";"Kandersteg";"BE";"";0;125.0;6.2;160.0;160.0;"tief";46.4975866;7.6756638
"https://www.schweizer-wanderwege.ch/de/wandervorschlaege/1569/Aussichtsreiche-Schneeschuhtour-im-Jura";"Aussichtsreiche Schneeschuhtour im Jura";"Col de la Vue des Alpes";"NE";"";0;165.0;7.0;225.0;225.0;"mittel";0.0;0.0
"https://www.schweizer-wanderwege.ch/de/wandervorschlaege/1568/Auf-Schneeschuhen-zum-Passwang";"Auf Schneeschuhen zum Passwang";"Wasserfallen";"BL";"";0;190.0;5.0;370.0;370.0;"mittel";47.3791166;10.5380805
"https://www.schweizer-wanderwege.ch/de/wandervorschlaege/1566/Winter-im-Valle-di-Muggio";"Winter im Valle di Muggio";"Bruzella, Paese — Vacallo, Piazza";"TI";"T1";1;170.0;9.0;380.0;615.0;"mittel";45.8817517;9.0351757
"https://www.schweizer-wanderwege.ch/de/wandervorschlaege/1565/Dem-Gabelbach-entlang-nach-Bern";"Dem Gäbelbach entlang nach Bern";"Rosshäusern — Eymatt b. Bern, Camping";"BE";"T1";1;175.0;11.5;255.0;335.0;"mittel";46.9343355;7.2968204
"https://www.schweizer-wanderwege.ch/de/wandervorschlaege/1564/Wintersonne-im-Chablais";"Wintersonne im Chablais";"Villars-sur-Ollon — Villars-sur-Ollon Golf";"VD";"";0;170.0;7.6;405.0;30.0;"hoch";46.2977636;7.055331
"https://www.schweizer-wanderwege.ch/de/wandervorschlaege/1563/Weisses-Weideland-im-Berner-Jura";"Weisses Weideland im Berner Jura";"Les Prés-d'Orvin, Bellevue";"BE";"";0;205.0;10.3;315.0;315.0;"hoch";47.1539506;7.1764095
"https://www.schweizer-wanderwege.ch/de/wandervorschlaege/1575/Schneeschuhtour-auf-der-Mullernalp";"Schneeschuhtour auf der Mullernalp";"Naturfreundehaus Fronalp";"GL";"";0;140.0;4.2;280.0;280.0;"mittel";47.0712669;9.0907589
"https://www.schweizer-wanderwege.ch/de/wandervorschlaege/1574/Der-Heinzenberg-und-seine-Kirche";"Der Heinzenberg und seine Kirche";"Obertschappina, Skilift";"GR";"";0;350.0;16.2;685.0;685.0;"hoch";46.6868389;9.3737251
"https://www.schweizer-wanderwege.ch/de/wandervorschlaege/1573/Der-Schamserberg-und-seine-Kirchen";"Der Schamserberg und seine Kirchen";"Lohn GR, Dorf — Mathon, Muntsulej";"GR";"";0;205.0;8.9;430.0;470.0;"hoch";46.6503991;9.4249992
"https://www.schweizer-wanderwege.ch/de/wandervorschlaege/1571/Bock-auf-den-Gabris-zu-wandern";"Bock, auf den Gäbris zu wandern?";"Gais";"AR";"T1";1;185.0;10.2;475.0;475.0;"mittel";46.8331565;11.9474837
"https://www.schweizer-wanderwege.ch/de/wandervorschlaege/1570/Rundweg-auf-dem-Col-du-Marchairuz";"Rundweg auf dem Col du Marchairuz";"Col du Marchairuz";"VD";"";0;180.0;7.4;285.0;290.0;"mittel";46.5527909;6.2502869
"https://www.schweizer-wanderwege.ch/de/wandervorschlaege/1599/Durch-geheimnisvollen-Winterwald";"Durch geheimnisvollen Winterwald";"Mostelberg, Bergstation";"SZ";"";0;260.0;8.8;455.0;455.0;"hoch";0.0;0.0
"https://www.schweizer-wanderwege.ch/de/wandervorschlaege/1438/Sonnenterrasse-uber-dem-Saastal";"Sonnenterrasse über dem Saastal";"Gspon";"VS";"";0;185.0;6.5;305.0;305.0;"mittel";46.225128;7.9027064
"https://www.schweizer-wanderwege.ch/de/wandervorschlaege/1553/Sonne-geniessen-vor-den-schattigen-Diablerets";"Sonne geniessen vor den schattigen Diablerets";"Col-du-Pillon, Glacier 3000";"VD";"";0;110.0;5.0;185.0;185.0;"mittel";0.0;0.0
"https://www.schweizer-wanderwege.ch/de/wandervorschlaege/1597/Hohenwandern-im-Oberaargau";"Höhenwandern im Oberaargau";"Dürrenroth";"BE";"T1";1;230.0;13.8;510.0;510.0;"mittel";47.0902206;7.7895896
"https://www.schweizer-wanderwege.ch/de/wandervorschlaege/1604/Tunnelgang-im-Scherligrabe";"Tunnelgang im Scherligrabe";"Niederscherli — Thörishaus Dorf";"BE";"T1";1;100.0;6.7;100.0;180.0;"tief";46.8850228;7.3893334
"https://www.schweizer-wanderwege.ch/de/wandervorschlaege/1600/Einzigartiger-Morteratschgletscher";"Einzigartiger Morteratschgletscher";"Morteratsch";"GR";"";0;115.0;6.1;155.0;155.0;"tief";46.4507365;9.940432
"https://www.schweizer-wanderwege.ch/de/wandervorschlaege/1616/Rundwanderung-im-Herzen-der-Zentralschweiz";"Rundwanderung im Herzen der Zentralschweiz";"Andermatt, Brücke";"UR";"";0;90.0;3.1;195.0;195.0;"tief";46.6339543;8.59758
"https://www.schweizer-wanderwege.ch/de/wandervorschlaege/1615/Zeitlos-im-Val-Sinestra";"Zeitlos im Val Sinestra";"Vnà, Jalmèr";"GR";"";0;250.0;11.8;355.0;355.0;"hoch";46.8425985;10.367305
"https://www.schweizer-wanderwege.ch/de/wandervorschlaege/1614/Winterliche-Tour-im-Tal-der-Salentse";"Winterliche Tour im Tal der Salentse";"Morthey, centre";"VS";"";0;160.0;7.6;295.0;295.0;"mittel";0.0;0.0
"https://www.schweizer-wanderwege.ch/de/wandervorschlaege/1613/Vom-Turren-zum-Schonbuel";"Vom Turren zum Schönbüel";"Turren";"OW";"";0;255.0;7.9;585.0;585.0;"hoch";46.7895714;8.1324548
"https://www.schweizer-wanderwege.ch/de/wandervorschlaege/1612/Gut-Kirschen-essen-im-Schwarzbubenland";"Gut Kirschen essen im Schwarzbubenland";"Nuglar, Dorfplatz";"BL";"T1";1;75.0;4.2;180.0;180.0;"tief";47.4713252;7.6924647
"https://www.schweizer-wanderwege.ch/de/wandervorschlaege/1621/Mit-dem-Bielersee-im-Rucken";"Mit dem Bielersee im Rücken";"Gerolfingen — Studen";"BE";"T1";1;180.0;11.7;260.0;325.0;"mittel";49.0538498;10.5131619
"https://www.schweizer-wanderwege.ch/de/wandervorschlaege/1620/Den-Piz-Darlux-GR-besteigen";"Den Piz Darlux GR besteigen";"Alp Darlux";"GR";"";0;165.0;3.0;360.0;360.0;"hoch";46.6233562;9.7756677
"https://www.schweizer-wanderwege.ch/de/wandervorschlaege/1619/Winterwandern-am-Faulhorn";"Winterwandern am Faulhorn";"First (Grindelwald) — Bussalp";"BE";"";0;280.0;10.4;580.0;945.0;"hoch";46.6504815;8.0650733
"https://www.schweizer-wanderwege.ch/de/wandervorschlaege/1618/Vom-Eigental-auf-s-Rageflueli";"Vom Eigental auf's Rägeflüeli";"Eigenthal, Talboden";"LU";"";0;340.0;9.6;625.0;625.0;"hoch";47.0067447;8.2194961
"https://www.schweizer-wanderwege.ch/de/wandervorschlaege/1617/Auf-Schneeschuhen-uber-dem-Vispertal";"Auf Schneeschuhen über dem Vispertal";"Visperterminen, Busterminal";"VS";"";0;210.0;7.5;345.0;345.0;"mittel";46.2581303;7.9029134
"https://www.schweizer-wanderwege.ch/de/wandervorschlaege/1628/Durchs-Leimental-nach-Basel";"Durchs Leimental nach Basel";"Hofstetten SO, Unterdorf — Basel SBB";"SO";"T1";1;235.0;14.6;285.0;460.0;"mittel";47.4769528;7.5119931
"https://www.schweizer-wanderwege.ch/de/wandervorschlaege/1626/Am-Ufer-des-Neuenburgersees";"Am Ufer des Neuenburgersees";"Chevroux, port — Portalban, village";"VD";"T1";1;105.0;7.0;65.0;65.0;"tief";46.8923736;6.9028433
"https://www.schweizer-wanderwege.ch/de/wandervorschlaege/1625/Ein-Tag-an-der-Alten-Aare";"Ein Tag an der Alten Aare";"Dotzigen — Aarberg";"BE";"T1";1;190.0;13.1;105.0;90.0;"mittel";47.1197383;7.341198
"https://www.schweizer-wanderwege.ch/de/wandervorschlaege/1624/Dem-Wasser-entlang-durch-das-Seeland";"Dem Wasser entlang durch das Seeland";"Aarberg — Biel / Bienne";"BE";"T1";1;330.0;22.1;165.0;185.0;"hoch";47.0443346;7.2753004
"https://www.schweizer-wanderwege.ch/de/wandervorschlaege/1623/Stadtspaziergang-durch-Biel";"Stadtspaziergang durch Biel";"Biel / Bienne";"BE";"T1";1;170.0;10.9;195.0;195.0;"mittel";47.1402077;7.2439029
"https://www.schweizer-wanderwege.ch/de/wandervorschlaege/1637/Rasante-Fahrt-auf-dem-Hasliberg-BE";"Rasante Fahrt auf dem Hasliberg BE";"Käserstatt — Lischen";"BE";"";0;115.0;6.5;120.0;460.0;"mittel";46.7568336;8.2212269
"https://www.schweizer-wanderwege.ch/de/wandervorschlaege/1636/Schneeschuhwanderung-im-Toggenburg";"Schneeschuhwanderung im Toggenburg";"Selamatt";"SG";"";0;130.0;4.9;255.0;255.0;"mittel";47.1783094;9.3002815
"https://www.schweizer-wanderwege.ch/de/wandervorschlaege/1635/Urbane-Wanderung-in-Montreux-VD";"Urbane Wanderung in Montreux VD";"Château-de-Chillon — Auditorium Stravinsky";"VD";"T1";1;60.0;4.1;25.0;25.0;"tief";46.4142394;6.9276018
"https://www.schweizer-wanderwege.ch/de/wandervorschlaege/1630/Hoch-uber-dem-Gurbetal";"Hoch über dem Gürbetal";"Rüeggisberg, Post — Gschneit";"BE";"T1";1;125.0;7.5;250.0;235.0;"tief";46.8214018;7.4390291
"https://www.schweizer-wanderwege.ch/de/wandervorschlaege/1642/Fernsicht-und-Gipfelschau-im-Voralpengebiet";"Fernsicht und Gipfelschau im Voralpengebiet";"Linden, Dorf — Oberdiessbach";"BE";"T1";1;195.0;11.3;380.0;695.0;"mittel";46.9528755;7.6820339
"https://www.schweizer-wanderwege.ch/de/wandervorschlaege/1646/Neuenburg-die-gelbe-Stadt";"Neuenburg, die «gelbe Stadt»";"Neuchâtel — St-Blaise, CFF";"NE";"T1";1;140.0;9.4;100.0;115.0;"tief";46.9895828;6.9292641
"https://www.schweizer-wanderwege.ch/de/wandervorschlaege/1653/Auf-schattigen-Pfaden-rund-um-Grimentz";"Auf schattigen Pfaden rund um Grimentz";"Grimentz, pl. du Mélèze";"VS";"T1";1;190.0;9.5;470.0;470.0;"mittel";46.178319;7.5761041
"https://www.schweizer-wanderwege.ch/de/wandervorschlaege/1677/Streifzug-durch-das-Grauholz-bei-Bern";"Streifzug durch das Grauholz bei Bern";"Habstetten, Rössli";"BE";"T1";1;105.0;6.3;200.0;200.0;"tief";46.9847012;7.4984431
"https://www.schweizer-wanderwege.ch/de/wandervorschlaege/1688/Durch-Solothurner-und-Aargauer-Auenlandschaften";"Durch Solothurner und Aargauer Auenlandschaften";"Olten — Aarau";"SO";"T1";1;265.0;18.4;135.0;150.0;"mittel";47.3496571;7.903787
"https://www.schweizer-wanderwege.ch/de/wandervorschlaege/1687/Wintersonne-im-Engelbergertal";"Wintersonne im Engelbergertal";"Brunni — Engelberg";"OW";"";0;245.0;12.8;20.0;880.0;"hoch";47.0425291;8.7017635
"https://www.schweizer-wanderwege.ch/de/wandervorschlaege/1686/Hohenwege-in-der-Surselva";"Höhenwege in der Surselva";"Andiast, posta — Breil/Brigels, posta";"GR";"";0;280.0;12.3;560.0;460.0;"hoch";46.7178166;9.1740439
"https://www.schweizer-wanderwege.ch/de/wandervorschlaege/1685/Rundtour-auf-Schneeschuhen-im-Greyerzerland";"Rundtour auf Schneeschuhen im Greyerzerland";"La Valsainte, Couvent";"FR";"";0;255.0;9.7;395.0;395.0;"hoch";46.6492329;7.188121
"https://www.schweizer-wanderwege.ch/de/wandervorschlaege/1684/Am-Sonnenhang-von-Grindelwald";"Am Sonnenhang von Grindelwald";"Bussalp — Grindelwald, Mühlebach Schule";"BE";"";0;195.0;9.2;145.0;785.0;"mittel";46.6504525;7.9910449
"https://www.schweizer-wanderwege.ch/de/wandervorschlaege/1683/Hugeltour-im-Appenzellerland";"Hügeltour im Appenzellerland";"Schwägalp, Säntis-Schwebebahn — Kronberg";"AR";"";0;185.0;5.5;485.0;185.0;"mittel";47.2564785;9.3175958
"https://www.schweizer-wanderwege.ch/de/wandervorschlaege/1693/Schneeschuhtour-auf-der-Ibergeregg";"Schneeschuhtour auf der Ibergeregg";"Ibergeregg";"SZ";"";0;80.0;3.1;195.0;195.0;"tief";47.0174278;8.7332101
"https://www.schweizer-wanderwege.ch/de/wandervorschlaege/1692/Weitsicht-im-Luzerner-Hinterland";"Weitsicht im Luzerner Hinterland";"Wauwil — Alberswil, Dorf";"LU";"T1";1;160.0;10.3;230.0;215.0;"mittel";47.184353;8.026173
"https://www.schweizer-wanderwege.ch/de/wandervorschlaege/1691/Schattenspiele-im-Val-d-Anniviers";"Schattenspiele im Val d’Anniviers";"Vercorin, poste — Grimentz, Carovilla";"VS";"";0;270.0;13.4;505.0;265.0;"hoch";46.2561627;7.5303311
"https://www.schweizer-wanderwege.ch/de/wandervorschlaege/1690/Weisse-Weiden-im-Waadtlander-Jura";"Weisse Weiden im Waadtländer Jura";"La Givrine";"VD";"";0;170.0;9.0;225.0;225.0;"mittel";46.4545264;6.1117067
"https://www.schweizer-wanderwege.ch/de/wandervorschlaege/1689/Am-Sonnenhang-des-Bellinzonese";"Am Sonnenhang des Bellinzonese";"Bellinzona — Gudo, Serta";"TI";"T2";2;200.0;11.0;405.0;415.0;"mittel";46.1920538;9.0205888
"https://www.schweizer-wanderwege.ch/de/wandervorschlaege/1698/Kurz-an-die-Sonne-oberhalb-Locarno";"Kurz an die Sonne oberhalb Locarno";"Cardada (Funivia) — Capanna Cimetta";"TI";"";0;110.0;3.1;350.0;35.0;"hoch";46.1832973;8.7869458
"https://www.schweizer-wanderwege.ch/de/wandervorschlaege/1696/Auf-der-Rigi-Scheidegg";"Auf der Rigi Scheidegg";"Rigi Scheidegg";"SZ";"";0;120.0;5.1;230.0;230.0;"mittel";47.0274441;8.5195668
"https://www.schweizer-wanderwege.ch/de/wandervorschlaege/1695/Winterwandern-durch-Surses-in-zwei-Akten";"Winterwandern durch Surses in zwei Akten";"Cunter, vischnanca — Riom, vischnanca";"GR";"";0;160.0;7.6;285.0;215.0;"mittel";46.6073114;9.5916286
"https://www.schweizer-wanderwege.ch/de/wandervorschlaege/1694/Im-Hochmoor-von-Rothenthurm";"Im Hochmoor von Rothenthurm";"Rothenthurm";"SZ";"";0;130.0;6.8;45.0;45.0;"tief";47.1047258;8.6748441
"https://www.schweizer-wanderwege.ch/de/wandervorschlaege/1709/Im-Val-Terbi";"Im Val Terbi";"Courchapoix, village";"JU";"T1";1;190.0;12.4;340.0;340.0;"mittel";47.3485085;7.4570752
"https://www.schweizer-wanderwege.ch/de/wandervorschlaege/1701/Zu-den-Geissen-auf-Sattel-Hochstuckli";"Zu den Geissen auf Sattel-Hochstuckli";"Sattel Mostelberg";"SZ";"";0;110.0;5.4;215.0;215.0;"mittel";47.0674696;8.6498568
"https://www.schweizer-wanderwege.ch/de/wandervorschlaege/1700/Ruhe-tanken-im-Gadmertal";"Ruhe tanken im Gadmertal";"Nessental, Schwendi — Gadmen, Obermaad";"BE";"";0;180.0;7.8;445.0;110.0;"hoch";46.7196064;8.2901957
"https://www.schweizer-wanderwege.ch/de/wandervorschlaege/1699/Schneeschuhtour-am-Niederhorn";"Schneeschuhtour am Niederhorn";"Beatenberg Vorsass — Habkern, Post";"BE";"";0;390.0;18.7;800.0;1270.0;"hoch";46.7015964;7.7722918
"https://www.schweizer-wanderwege.ch/de/wandervorschlaege/1714/Im-Schnee-uber-den-Gemmipass";"Im Schnee über den Gemmipass";"Gemmipass — Sunnbüel";"VS";"";0;180.0;9.2;125.0;535.0;"mittel";46.3963126;7.6114172
"https://www.schweizer-wanderwege.ch/de/wandervorschlaege/1404/Rund-um-die-Stadt-Neuenburg";"Rund um die Stadt Neuenburg";"Neuchâtel — Neuchâtel, Place Pury";"NE";"T1";1;215.0;14.2;220.0;265.0;"mittel";46.9895828;6.9292641
"https://www.schweizer-wanderwege.ch/de/wandervorschlaege/1715/Winterwunderland-oberhalb-des-Walensees";"Winterwunderland oberhalb des Walensees";"Habergschwänd";"GL";"";0;180.0;5.1;425.0;425.0;"mittel";47.1038587;9.1267617
"https://www.schweizer-wanderwege.ch/de/wandervorschlaege/1718/Vom-Wynental-zum-Sempachersee";"Vom Wynental zum Sempachersee";"Beromünster, Flecken — Sempach";"LU";"T1";1;230.0;15.4;265.0;395.0;"mittel";47.2065627;8.1924757
"https://www.schweizer-wanderwege.ch/de/wandervorschlaege/1728/Den-See-im-Blick";"Den See im Blick";"Häggenschwil-Winden — Arbon";"TG";"T1";1;115.0;8.0;60.0;175.0;"tief";47.5038653;9.3586097
"https://www.schweizer-wanderwege.ch/de/wandervorschlaege/1737/Gemutliche-Rundtour-auf-der-Bannalp";"Gemütliche Rundtour auf der Bannalp";"Chrüzhütte";"NW";"";0;80.0;3.1;145.0;145.0;"tief";46.8712601;8.4368696
"https://www.schweizer-wanderwege.ch/de/wandervorschlaege/1736/Auf-dem-Sonnenbalkon-im-Val-d-Herens";"Auf dem Sonnenbalkon im Val d’Hérens";"Les Haudères, centre";"VS";"";0;355.0;9.4;715.0;715.0;"hoch";46.0809695;7.5133008
"https://www.schweizer-wanderwege.ch/de/wandervorschlaege/1735/Winterwandern-in-den-Freibergen";"Winterwandern in den Freibergen";"Le Creux-des-Biches — Saignelégier";"JU";"";0;185.0;10.1;120.0;155.0;"mittel";47.2035058;6.9408552
"https://www.schweizer-wanderwege.ch/de/wandervorschlaege/1733/Flanieren-am-Ufer-des-Bodensees";"Flanieren am Ufer des Bodensees";"Münsterlingen Spital — Konstanz";"TG";"T1";1;100.0;6.9;40.0;50.0;"tief";47.6320515;9.2361096
"https://www.schweizer-wanderwege.ch/de/wandervorschlaege/1732/Schneeschuhtour-auf-dem-Grenchenberg";"Schneeschuhtour auf dem Grenchenberg";"Untergrenchenberg";"SO";"";0;210.0;8.5;270.0;270.0;"hoch";47.2214876;7.3810915
"https://www.schweizer-wanderwege.ch/de/wandervorschlaege/1731/Auf-dem-Rucken-der-Churfirsten";"Auf dem Rücken der Churfirsten";"Chäserrugg";"SG";"";0;60.0;2.9;140.0;140.0;"tief";47.154808;9.3127749
"https://www.schweizer-wanderwege.ch/de/wandervorschlaege/1730/Sonniger-Col-des-Mosses";"Sonniger Col des Mosses";"Col des Mosses";"VD";"";0;180.0;9.8;470.0;470.0;"hoch";46.3989758;7.1026303
"https://www.schweizer-wanderwege.ch/de/wandervorschlaege/1729/Mit-Schneeschuhen-auf-dem-Simplon";"Mit Schneeschuhen auf dem Simplon";"Simplon, Monte Leone";"VS";"";0;95.0;3.8;225.0;225.0;"mittel";46.2457365;8.0238739
"https://www.schweizer-wanderwege.ch/de/wandervorschlaege/1757/Von-der-Areuse-zum-Neuenburgersee";"Von der Areuse zum Neuenburgersee";"Boudry Littorail — Auvernier Littorail";"NE";"T1";1;100.0;7.0;40.0;55.0;"tief";46.9494086;6.8390014
"https://www.schweizer-wanderwege.ch/de/wandervorschlaege/1785/Ruhige-Insel-im-Chernwald";"Ruhige Insel im Chernwald";"Kerns, Post";"OW";"T1";1;120.0;7.6;155.0;155.0;"tief";46.9007819;8.2753587
"https://www.schweizer-wanderwege.ch/de/wandervorschlaege/1791/Gesperrt-Schneeschuhrunde-im-Toggenburg";"Gesperrt: Schneeschuhrunde im Toggenburg";"Hemberg";"SG";"";0;195.0;7.7;330.0;330.0;"hoch";47.3004656;9.1756588
"https://www.schweizer-wanderwege.ch/de/wandervorschlaege/1788/Viel-Sonne-und-Aussicht-im-Saanenland";"Viel Sonne und Aussicht im Saanenland";"Schönried";"BE";"";0;180.0;8.7;545.0;545.0;"hoch";46.5043881;7.2908891
"https://www.schweizer-wanderwege.ch/de/wandervorschlaege/1792/Wintersonne-im-Landwassertal";"Wintersonne im Landwassertal";"Davos Laret, Landhaus — Davos Platz";"GR";"";0;220.0;9.8;385.0;345.0;"hoch";46.8397431;9.8706715
"https://www.schweizer-wanderwege.ch/de/wandervorschlaege/1796/Winterwanderperle-in-der-Surselva";"Winterwanderperle in der Surselva";"Vella, Sumsiaras — Lumbrein, vitg";"GR";"";0;165.0;7.1;395.0;240.0;"mittel";46.7156095;9.1716617
"https://www.schweizer-wanderwege.ch/de/wandervorschlaege/1795/Auf-dem-Moosalp-Panoramaweg";"Auf dem Moosalp-Panoramaweg";"Bürchen, Ronalp — Striggen";"VS";"";0;225.0;10.0;420.0;335.0;"hoch";46.2780869;7.8239271
"https://www.schweizer-wanderwege.ch/de/wandervorschlaege/1799/Winteridylle-am-Col-du-Pillon";"Winteridylle am Col du Pillon";"Col du Pillon — Les Preises";"VD";"";0;155.0;5.8;185.0;345.0;"mittel";46.3534286;7.2045971
"https://www.schweizer-wanderwege.ch/de/wandervorschlaege/1798/Durch-Entlebucher-Moorgebiete";"Durch Entlebucher Moorgebiete";"Sörenberg, Post";"LU";"";0;210.0;9.7;405.0;405.0;"hoch";46.8218299;8.0345661
"https://www.schweizer-wanderwege.ch/de/wandervorschlaege/1797/Schneeschuhtour-hoch-uber-dem-Urner-Reusstal";"Schneeschuhtour hoch über dem Urner Reusstal";"Mittel Arni";"UR";"";0;180.0;6.5;365.0;365.0;"mittel";0.0;0.0
"https://www.schweizer-wanderwege.ch/de/wandervorschlaege/1794/Schneeschuhtour-in-der-Leventina";"Schneeschuhtour in der Leventina";"Dalpe, Villaggio";"TI";"";0;205.0;8.4;320.0;320.0;"hoch";46.4742811;8.775237
"https://www.schweizer-wanderwege.ch/de/wandervorschlaege/1812/Rund-um-den-Hegewald";"Rund um den Hegewald";"Ufhusen, Käserei Dorf — Eriswil, Station";"LU";"T1";1;200.0;11.7;455.0;430.0;"mittel";47.1168914;7.8965101
"https://www.schweizer-wanderwege.ch/de/wandervorschlaege/1808/Historische-Perlen-im-Basler-Jura";"Historische Perlen im Basler Jura";"Frenkendorf-Füllinsdorf";"BL";"T1";1;145.0;8.6;355.0;355.0;"mittel";47.501507;7.7192231
"https://www.schweizer-wanderwege.ch/de/wandervorschlaege/1807/Rund-um-das-Ruedertal";"Rund um das Ruedertal";"Schiltwald, Wendeplatz";"AG";"T1";1;175.0;10.8;310.0;310.0;"mittel";47.2503681;8.118666
"https://www.schweizer-wanderwege.ch/de/wandervorschlaege/1806/Winterseenwanderung-bei-St-Moritz";"Winterseenwanderung bei St. Moritz";"St. Moritz Bad, Kath. Kirche — Celerina";"GR";"";0;115.0;6.3;90.0;130.0;"tief";46.4885379;9.8375475
"https://www.schweizer-wanderwege.ch/de/wandervorschlaege/1805/Winterwandern-ubers-Eis";"Winterwandern übers Eis";"Glacier du Sex Rouge";"VD";"";0;75.0;4.5;75.0;75.0;"tief";46.3270296;7.213774
"https://www.schweizer-wanderwege.ch/de/wandervorschlaege/1804/Aufs-sonnige-Cheibehore";"Aufs sonnige Cheibehore";"Chrindi";"BE";"";0;240.0;7.1;570.0;570.0;"hoch";46.6800407;7.6002866
"https://www.schweizer-wanderwege.ch/de/wandervorschlaege/1803/Winterlicher-Gang-dem-Greifensee-entlang";"Winterlicher Gang dem Greifensee entlang";"Maur, See — Greifensee, Städtli";"ZH";"T1";1;160.0;11.2;75.0;70.0;"tief";47.3393805;8.6730337
"https://www.schweizer-wanderwege.ch/de/wandervorschlaege/1802/Eiswanderweg-im-Engadin";"Eiswanderweg im Engadin";"Madulain";"GR";"";0;90.0;5.7;55.0;55.0;"tief";46.5868703;9.9389122
"https://www.schweizer-wanderwege.ch/de/wandervorschlaege/1821/Entdeckungen-im-Neuenburger-Jura";"Entdeckungen im Neuenburger Jura";"La Vraconnaz, Les Rochettes — Fleurier";"NE";"T1";1;305.0;17.2;390.0;775.0;"hoch";46.8459175;6.4694927
"https://www.schweizer-wanderwege.ch/de/wandervorschlaege/1825/Uber-das-Bruederholz-nach-Basel";"Über das Bruederholz nach Basel";"Ettingen, Dorf — Basel, Margarethen";"BL";"T1";1;165.0;11.2;185.0;230.0;"mittel";47.4835235;7.5458641
"https://www.schweizer-wanderwege.ch/de/wandervorschlaege/1834/Zum-Burgaschisee-im-Wasseramt";"Zum Burgäschisee im Wasseramt";"Etziken, Dorf — Sunnhalde";"SO";"T1";1;125.0;8.0;205.0;180.0;"tief";47.1835715;7.6472184
"https://www.schweizer-wanderwege.ch/de/wandervorschlaege/1841/Unaufgeregt-geradeaus";"Unaufgeregt geradeaus";"Saas-Almagell, Dorfplatz";"VS";"";0;275.0;14.0;545.0;545.0;"hoch";46.0941767;7.9576584
"https://www.schweizer-wanderwege.ch/de/wandervorschlaege/1839/Dem-Eiger-entgegenwandern";"Dem Eiger entgegenwandern";"Männlichen — Kleine Scheidegg";"BE";"";0;145.0;5.9;305.0;465.0;"mittel";46.6181397;7.9380395
"https://www.schweizer-wanderwege.ch/de/wandervorschlaege/1838/Hoch-uber-Verbier";"Hoch über Verbier";"Croix-des-Ruinettes";"VS";"";0;220.0;8.6;280.0;280.0;"hoch";0.0;0.0
"https://www.schweizer-wanderwege.ch/de/wandervorschlaege/1837/Grosse-Schneeschuhspuren-ob-Engelberg";"Grosse Schneeschuhspuren ob Engelberg";"Fürenalp";"OW";"";0;95.0;3.5;195.0;195.0;"tief";46.8013357;8.4684285
"https://www.schweizer-wanderwege.ch/de/wandervorschlaege/1843/Entlang-der-Allaine";"Entlang der Allaine";"Courtemaîche — Porrentruy, gare";"JU";"T1";1;245.0;13.6;365.0;340.0;"mittel";47.458606;7.0467882
"https://www.schweizer-wanderwege.ch/de/wandervorschlaege/1849/Vom-Glatttal-uber-den-Laubberg-an-den-Rhein";"Vom Glatttal über den Laubberg an den Rhein";"Glattfelden — Eglisau";"ZH";"T1";1;170.0;11.0;255.0;270.0;"mittel";47.559752;8.5008282
"https://www.schweizer-wanderwege.ch/de/wandervorschlaege/1904/Familienwanderung-bei-Bern";"Familienwanderung bei Bern";"Bern, Elfenau — Bern Flughafen";"BE";"T1";1;65.0;4.5;20.0;55.0;"tief";46.9326712;7.4655907
"https://www.schweizer-wanderwege.ch/de/wandervorschlaege/1910/Waadtlander-Bergwinter";"Waadtländer Bergwinter";"Col de Bretaye";"VD";"";0;110.0;5.4;220.0;220.0;"mittel";46.3218865;7.073167
"https://www.schweizer-wanderwege.ch/de/wandervorschlaege/1911/Beatenberg-und-die-verschneiten-Berner-Alpen";"Beatenberg und die verschneiten Berner Alpen";"Beatenberg — Beatenberg, Waldegg";"BE";"";0;195.0;9.6;315.0;235.0;"mittel";46.6932513;7.783279
"https://www.schweizer-wanderwege.ch/de/wandervorschlaege/1912/Winterliche-Freiberge";"Winterliche Freiberge";"Les Breuleux";"JU";"";0;115.0;5.5;170.0;170.0;"mittel";47.2115671;7.0054836
"https://www.schweizer-wanderwege.ch/de/wandervorschlaege/1915/Abseits-der-Pistenhektik-auf-der-Lenzerheide";"Abseits der Pistenhektik auf der Lenzerheide";"Parpan, Post";"GR";"";0;130.0;6.9;190.0;190.0;"mittel";46.7602456;9.5575698
"https://www.schweizer-wanderwege.ch/de/wandervorschlaege/1914/Winterruhe-am-Hallwilersee";"Winterruhe am Hallwilersee";"Boniswil — Mosen";"AG";"T1";1;195.0;13.5;120.0;140.0;"mittel";47.3161571;8.1852511
"https://www.schweizer-wanderwege.ch/de/wandervorschlaege/1917/Winterzauber-im-Lotschental";"Winterzauber im Lötschental";"Lauchernalp — Wiler (Lötschen), Talstation";"VS";"";0;125.0;6.1;10.0;580.0;"mittel";46.4131389;7.7764321
"https://www.schweizer-wanderwege.ch/de/wandervorschlaege/1916/Im-Baselbieter-Tafeljura-von-Dorf-zu-Dorf";"Im Baselbieter Tafeljura von Dorf zu Dorf";"Anwil, Dorf — Tecknau";"BL";"T1";1;150.0;9.5;235.0;375.0;"tief";47.4504199;7.9411672
"https://www.schweizer-wanderwege.ch/de/wandervorschlaege/1918/Im-Seilbahnland-Nidwalden";"Im Seilbahnland Nidwalden";"Wirzweli";"NW";"";0;175.0;7.0;415.0;415.0;"hoch";46.9134569;8.3668617
"https://www.schweizer-wanderwege.ch/de/wandervorschlaege/1919/Die-Selven-von-Alto-Malcantone";"Die Selven von Alto Malcantone";"Arosio, Paese — Miglieglia, Paese";"TI";"T1";1;215.0;11.7;445.0;600.0;"mittel";46.0483355;8.8998419
"https://www.schweizer-wanderwege.ch/de/wandervorschlaege/1928/Viel-Zeit-haben-im-Bedrettotal";"Viel Zeit haben im Bedrettotal";"All'Acqua";"TI";"";0;150.0;4.4;375.0;375.0;"mittel";46.486913;8.4757373
"https://www.schweizer-wanderwege.ch/de/wandervorschlaege/1927/Die-Schneeinsel-oberhalb-von-Airolo";"Die Schneeinsel oberhalb von Airolo";"Nante — Pesciüm";"TI";"";0;175.0;7.1;480.0;160.0;"hoch";47.2186371;-1.5541362
"https://www.schweizer-wanderwege.ch/de/wandervorschlaege/1926/Durch-das-wilde-Lavizzaratal";"Durch das wilde Lavizzaratal";"Mogno, Colonia Pazzalino";"TI";"";0;185.0;7.4;390.0;390.0;"hoch";0.0;0.0
"https://www.schweizer-wanderwege.ch/de/wandervorschlaege/1931/Auf-der-Sonnenseite-des-Bleniotals";"Auf der Sonnenseite des Bleniotals";"Campra, Bivio — Camperio, Piera";"TI";"";0;220.0;8.6;400.0;510.0;"hoch";0.0;0.0
"https://www.schweizer-wanderwege.ch/de/wandervorschlaege/1930/Kulturbummel-im-untersten-Val-Mustair";"Kulturbummel im untersten Val Müstair";"Müstair, posta";"GR";"";0;220.0;11.8;290.0;295.0;"hoch";46.6260992;10.4460358
"https://www.schweizer-wanderwege.ch/de/wandervorschlaege/1929/Schlaufe-durch-die-Gommer-Talsohle";"Schlaufe durch die Gommer Talsohle";"Biel (Goms) — Gluringen";"VS";"";0;115.0;6.3;225.0;195.0;"mittel";46.4558889;8.2166061
"https://www.schweizer-wanderwege.ch/de/wandervorschlaege/1936/Die-alten-Larchen-des-Saastals";"Die alten Lärchen des Saastals";"Kreuzboden — Saas-Grund, Unter dem Berg";"VS";"";0;145.0;5.3;5.0;850.0;"mittel";47.4885416;7.7273249
"https://www.schweizer-wanderwege.ch/de/wandervorschlaege/1937/Winterlicher-Schwarzwassergraben";"Winterlicher Schwarzwassergraben";"Mittelhäusern — Oberbalm, Dorf";"BE";"T1";1;225.0;13.0;450.0;340.0;"mittel";46.8761849;7.36711
"https://www.schweizer-wanderwege.ch/de/wandervorschlaege/1939/Winteridylle-bei-Gstaad";"Winteridylle bei Gstaad";"Lauenen b. Gstaad, Rohrbrücke";"BE";"";0;165.0;8.1;225.0;225.0;"mittel";0.0;0.0
"https://www.schweizer-wanderwege.ch/de/wandervorschlaege/1941/Entlang-der-Bisse-de-Clavau-bei-Sion";"Entlang der Bisse de Clavau bei Sion";"Sion — St-Léonard";"VS";"T1";1;130.0;8.0;210.0;195.0;"tief";46.2311749;7.3588795
"https://www.schweizer-wanderwege.ch/de/wandervorschlaege/1946/Von-Burg-zu-Burg-vor-den-Toren-von-Basel";"Von Burg zu Burg vor den Toren von Basel";"Muttenz — Pratteln";"BL";"T1";1;195.0;11.6;425.0;415.0;"mittel";47.525113;7.6477401
"https://www.schweizer-wanderwege.ch/de/wandervorschlaege/1948/Naturerlebnis-im-Centovalli";"Naturerlebnis im Centovalli";"Intragna — Ponte Brolla";"TI";"T1";1;90.0;5.9;50.0;130.0;"tief";45.9941511;8.572928
"https://www.schweizer-wanderwege.ch/de/wandervorschlaege/1957/Zur-Burg-Hohenklingen-bei-Stein-am-Rhein";"Zur Burg Hohenklingen bei Stein am Rhein";"Stein am Rhein";"SH";"T1";1;135.0;7.8;300.0;300.0;"mittel";47.6597323;8.8596823
"https://www.schweizer-wanderwege.ch/de/wandervorschlaege/2051/Historische-Wanderung-zur-Eisernen-Hand-am-Basler-Rheinknie";"Historische Wanderung zur Eisernen Hand am Basler Rheinknie";"Riehen — Wyhlen, Schulzentrum";"BS";"T1";1;270.0;14.2;535.0;540.0;"mittel";47.5816927;7.6479737
"https://www.schweizer-wanderwege.ch/de/wandervorschlaege/2054/Idyllische-Wanderung-durchs-Churz-und-Langloch-nach-Schaffhausen";"Idyllische Wanderung durchs Churz- und Langloch nach Schaffhausen";"Thayngen — Schaffhausen, Schweizersbild";"SH";"T1";1;130.0;8.4;155.0;125.0;"tief";47.7470005;8.7061689
"https://www.schweizer-wanderwege.ch/de/wandervorschlaege/2271/Auf-verschneiten-Romerwegen-zum-Septimerpass";"Auf verschneiten Römerwegen zum Septimerpass";"Bivio, posta";"GR";"";0;390.0;15.1;630.0;630.0;"hoch";46.4700126;9.6497525
"https://www.schweizer-wanderwege.ch/de/wandervorschlaege/2272/Schneeschuhrunde-von-Sur-uber-die-Alp-Flix";"Schneeschuhrunde von Sur über die Alp Flix";"Sur, baselgia";"GR";"";0;210.0;6.5;445.0;445.0;"mittel";46.5230901;9.6314257
"https://www.schweizer-wanderwege.ch/de/wandervorschlaege/2273/Schneeschuhtrail-oberhalb-von-Salouf";"Schneeschuhtrail oberhalb von Salouf";"Salouf, scola";"GR";"";0;385.0;13.3;860.0;860.0;"hoch";0.0;0.0
"https://www.schweizer-wanderwege.ch/de/wandervorschlaege/2274/Einfache-Tour-fur-Sonnenhungrige-im-Val-Surses";"Einfache Tour für Sonnenhungrige im Val Surses";"Somtgant — Tigignas";"GR";"";0;150.0;8.8;95.0;610.0;"mittel";46.5868697;9.5537053
"https://www.schweizer-wanderwege.ch/de/wandervorschlaege/2275/Zu-den-Anfangen-des-Lawinenschutzes-in-Leukerbad";"Zu den Anfängen des Lawinenschutzes in Leukerbad";"Leukerbad";"VS";"";0;135.0;6.2;295.0;295.0;"mittel";46.3793158;7.6267416
"https://www.schweizer-wanderwege.ch/de/wandervorschlaege/2277/Durch-den-Viadukt-von-Fribourg-wandern";"Durch den Viadukt von Fribourg wandern";"Fribourg/Freiburg Poya — Düdingen, Staumauer/Camping";"FR";"T1";1;225.0;14.1;320.0;375.0;"mittel";46.8150815;7.1560209
"https://www.schweizer-wanderwege.ch/de/wandervorschlaege/2278/Leichte-Schneeschuhwanderung-auf-dem-Niederbauen";"Leichte Schneeschuhwanderung auf dem Niederbauen";"Niederbauen";"NW";"";0;135.0;4.9;230.0;230.0;"mittel";46.9412638;8.5430251
"https://www.schweizer-wanderwege.ch/de/wandervorschlaege/2279/Bei-den-Haslizwergen-im-Winter";"Bei den Haslizwergen im Winter";"Mägisalp — Bidmi";"BE";"";0;105.0;4.2;80.0;360.0;"tief";46.7498245;8.2363643
"https://www.schweizer-wanderwege.ch/de/wandervorschlaege/1230/Weisser-Traum-im-Urserental";"Weisser Traum im Urserental";"Andermatt — Realp";"UR";"";0;185.0;9.7;185.0;85.0;"mittel";46.6340499;8.5948148
"https://www.schweizer-wanderwege.ch/de/wandervorschlaege/2750/Vom-Sandsteinbruch-bis-zum-Bundeshaus";"Vom Sandsteinbruch bis zum Bundeshaus";"Ostermundigen, Rüti — Bern, Kleine Schanze";"BE";"T1";1;125.0;8.1;155.0;230.0;"tief";46.9553973;7.5076343
"https://www.schweizer-wanderwege.ch/de/wandervorschlaege/2751/Uferwanderung-entlang-des-Genfersees";"Uferwanderung entlang des Genfersees";"Morges — Lausanne, Siège du CIO";"VD";"T1";1;160.0;11.1;50.0;50.0;"tief";46.5093268;6.498317
"https://www.schweizer-wanderwege.ch/de/wandervorschlaege/2752/Dem-Rotsee-und-der-Reuss-entlang";"Dem Rotsee und der Reuss entlang";"Luzern, Maihof — Luzern";"LU";"T1";1;125.0;7.5;185.0;190.0;"tief";47.0643521;8.30851
"https://www.schweizer-wanderwege.ch/de/wandervorschlaege/2754/Spielend-wandern-ins-Herz-von-St-Gallen";"Spielend wandern ins Herz von St. Gallen";"Notkersegg — St. Gallen, Bahnhof";"SG";"T1";1;90.0;5.7;150.0;260.0;"tief";47.4260321;9.4099225
"https://www.schweizer-wanderwege.ch/de/wandervorschlaege/2755/Auf-historischen-Spuren-durchs-Misox";"Auf historischen Spuren durchs Misox";"Roveredo GR, Centro — Grono, Paese";"GR";"T2";2;170.0;8.5;520.0;470.0;"mittel";46.2395368;9.1345731
"https://www.schweizer-wanderwege.ch/de/wandervorschlaege/2758/Neue-Natur-im-Seebachtal";"Neue Natur im Seebachtal";"Nussbaumen TG, Schulhaus — Kartause Ittingen";"TG";"T1";1;155.0;10.5;135.0;210.0;"tief";47.6251294;8.8269515
"https://www.schweizer-wanderwege.ch/de/wandervorschlaege/3134/Ursprungliche-und-kultivierte-Natur";"Ursprüngliche und kultivierte Natur";"Dardagny, château — Satigny";"GE";"T1";1;180.0;11.5;305.0;325.0;"mittel";46.1942166;5.995375
"https://www.schweizer-wanderwege.ch/de/wandervorschlaege/3135/Abenteuer-an-der-ursprunglichen-Sense";"Abenteuer an der ursprünglichen Sense";"Zollhaus — Plaffeien, Dorf";"FR";"T1";1;125.0;7.5;175.0;195.0;"tief";48.0446109;8.5081226
"https://www.schweizer-wanderwege.ch/de/wandervorschlaege/3283/Charmante-Dorfer-und-wilde-Landschaft-im-Muggiotal";"Charmante Dörfer und wilde Landschaft im Muggiotal";"Bruzella, Paese";"TI";"T2";2;195.0;9.5;570.0;570.0;"mittel";45.8817517;9.0351757
"https://www.schweizer-wanderwege.ch/de/wandervorschlaege/3308/Unterwegs-in-den-Naturparks-des-Mendrisiotto";"Unterwegs in den Naturparks des Mendrisiotto";"Chiasso — Balerna, Piazza";"TI";"T1";1;350.0;19.8;780.0;710.0;"hoch";45.8355209;9.0290169
"https://www.schweizer-wanderwege.ch/de/wandervorschlaege/3309/Durch-die-waldigen-Taler-des-Monte-Generoso";"Durch die waldigen Täler des Monte Generoso";"Salorino, Municipio — Somazzo, Paese";"TI";"T2";2;290.0;15.9;825.0;730.0;"hoch";45.8712933;8.9868435
"https://www.schweizer-wanderwege.ch/de/wandervorschlaege/3311/Entlang-der-sudlichen-Grenze-des-Tessins";"Entlang der südlichen Grenze des Tessins";"Stabio, Madonnina — Chiasso";"TI";"T1";1;220.0;13.4;375.0;515.0;"mittel";45.8434007;8.9206748
"https://www.schweizer-wanderwege.ch/de/wandervorschlaege/3312/Durch-das-ursprungliche-Muggiotal";"Durch das ursprüngliche Muggiotal";"Scudellate, Paese — Castel S.Pietro, Obino";"TI";"T2";2;255.0;14.0;515.0;930.0;"mittel";45.9214898;9.039342
"https://www.schweizer-wanderwege.ch/de/wandervorschlaege/3313/Urbane-Wanderung-entlang-des-Laveggio";"Urbane Wanderung entlang des Laveggio";"Stabio, Dazio Vecchio — Capolago, Posta";"TI";"T1";1;180.0;12.3;95.0;170.0;"mittel";45.8466909;8.933933
"https://www.schweizer-wanderwege.ch/de/wandervorschlaege/3316/Viel-Aussicht-auf-dem-Monte-San-Giorgio";"Viel Aussicht auf dem Monte San Giorgio";"Tremona — Meride, Paese";"TI";"T2";2;275.0;13.4;810.0;800.0;"hoch";45.8807051;8.9565873
"https://www.schweizer-wanderwege.ch/de/wandervorschlaege/3317/Fossilienwanderung-am-Monte-San-Giorgio";"Fossilienwanderung am Monte San Giorgio";"Meride, Paese — Serpiano (funivia)";"TI";"T2";2;165.0;9.5;400.0;330.0;"mittel";45.8905716;8.9514637
"https://www.schweizer-wanderwege.ch/de/wandervorschlaege/3382/In-Walsers-Fussstapfen-nach-St-Gallen";"In Walsers Fussstapfen nach St. Gallen";"Herisau — St. Gallen, Bahnhof";"AR";"T1";1;250.0;14.1;505.0;585.0;"mittel";47.38555;9.2787571
"https://www.schweizer-wanderwege.ch/de/wandervorschlaege/3433/Durch-Rebberge-und-uber-eine-Hangebrucke";"Durch Rebberge und über eine Hängebrücke";"Chamoson-St-Pierre-de-Clages — Saillon, Collombeyres";"VS";"T1";1;205.0;11.0;470.0;490.0;"mittel";46.1889951;7.2408518
"https://www.schweizer-wanderwege.ch/de/wandervorschlaege/3435/Inspirierende-Weite-am-Genfersee";"Inspirierende Weite am Genfersee";"Pully, Chenaulaz — Cully";"VD";"T1";1;245.0;14.7;400.0;595.0;"mittel";46.5269424;6.672796
"https://www.schweizer-wanderwege.ch/de/wandervorschlaege/3438/Farbige-Herbstwalder-und-Sandsteinfelsen";"Farbige Herbstwälder und Sandsteinfelsen";"Hindelbank, Post — Schönbühl";"BE";"T1";1;220.0;14.1;335.0;325.0;"mittel";47.0430872;7.5406257
"https://www.schweizer-wanderwege.ch/de/wandervorschlaege/3441/Durchs-Naherholungsgebiet-bei-Zurich";"Durchs Naherholungsgebiet bei Zürich";"Zollikerberg — Stettbach";"ZH";"T1";1;210.0;13.4;325.0;490.0;"mittel";47.3456637;8.5993998
"https://www.schweizer-wanderwege.ch/de/wandervorschlaege/3455/Vom-Reussufer-zum-Erdmannlistei";"Vom Reussufer zum Erdmannlistei";"Rottenschwil, Hecht — Waltenschwil, altes Schulhaus";"AG";"T1";1;145.0;9.6;180.0;135.0;"tief";47.3189955;8.3720539
"https://www.schweizer-wanderwege.ch/de/wandervorschlaege/3496/Viel-Ruhe-und-Aussicht-im-Val-d-Illiez";"Viel Ruhe und Aussicht im Val d'Illiez";"Val-d'Illiez, Frâchette";"VS";"";0;150.0;6.8;315.0;315.0;"mittel";46.2063027;6.8739742
"https://www.schweizer-wanderwege.ch/de/wandervorschlaege/3497/Uber-die-Engstligenalp-zum-Lagerstein";"Über die Engstligenalp zum Lägerstein";"Engstligenalp";"BE";"";0;75.0;4.0;55.0;55.0;"tief";46.4464835;7.5648635
"https://www.schweizer-wanderwege.ch/de/wandervorschlaege/3500/Kurze-Rundtour-fur-Sonnenhungrige";"Kurze Rundtour für Sonnenhungrige";"Riggisalp (Bergstation)";"FR";"";0;35.0;1.6;75.0;75.0;"tief";46.6588976;7.2937039
"https://www.schweizer-wanderwege.ch/de/wandervorschlaege/3501/Unter-dem-Chasseral-ob-dem-Nebel";"Unter dem Chasseral, ob dem Nebel";"Nods, école";"BE";"";0;160.0;8.2;205.0;205.0;"mittel";47.0985502;6.3357353
"https://www.schweizer-wanderwege.ch/de/wandervorschlaege/3502/Zu-den-Turmen-am-Baselbieter-Wiseberg";"Zu den Türmen am Baselbieter Wiseberg";"Häfelfingen, Bad Ramsach — Läufelfingen";"BL";"T1";1;140.0;7.3;300.0;480.0;"tief";47.4062598;7.8722368
"https://www.schweizer-wanderwege.ch/de/wandervorschlaege/3506/Milde-Winde-am-Baldeggersee";"Milde Winde am Baldeggersee";"Hitzkirch, Bahnhof — Baldegg Kloster";"LU";"T1";1;125.0;8.3;135.0;125.0;"tief";47.2248416;8.2620093
"https://www.schweizer-wanderwege.ch/de/wandervorschlaege/3507/Schneeschuhwandern-am-Mattstogg";"Schneeschuhwandern am Mattstogg";"Amden, Vorderdorf — Amden, Dorf";"SG";"";0;180.0;5.2;390.0;420.0;"mittel";47.1488317;9.14823
"https://www.schweizer-wanderwege.ch/de/wandervorschlaege/3508/Gemutlich-bis-zum-Berghaus-Alpenrosli";"Gemütlich bis zum Berghaus Alpenrösli";"Klosters Platz";"GR";"";0;155.0;6.6;335.0;335.0;"mittel";46.869383;9.8809843
"https://www.schweizer-wanderwege.ch/de/wandervorschlaege/3509/Uber-die-Strada-Romana-am-Monte-Ceneri";"Über die Strada Romana am Monte Ceneri";"Rivera-Bironico — Contone, Posta";"TI";"T2";2;135.0;7.7;245.0;510.0;"tief";46.1240899;8.9249644
"https://www.schweizer-wanderwege.ch/de/wandervorschlaege/3517/Glarner-Gipfel-zwischen-Alpen-und-Voralpen";"Glarner Gipfel zwischen Alpen und Voralpen";"Morgenholz";"GL";"";0;330.0;10.8;695.0;695.0;"hoch";47.1247362;9.0207363
"https://www.schweizer-wanderwege.ch/de/wandervorschlaege/3518/Viel-Geologie-und-sonnige-Aussichten-ob-Elm";"Viel Geologie und sonnige Aussichten ob Elm";"Empächli";"GL";"";0;155.0;5.3;330.0;330.0;"mittel";46.9219717;9.1542662
"https://www.schweizer-wanderwege.ch/de/wandervorschlaege/3519/Eine-einfache-Rundtour-im-Sernftal";"Eine einfache Rundtour im Sernftal";"Weissenberge";"GL";"";0;220.0;5.6;525.0;525.0;"hoch";52.6203333;10.5655511
"https://www.schweizer-wanderwege.ch/de/wandervorschlaege/3520/Leichte-Schneeschuhwanderung-durchs-Wildschutzgebiet";"Leichte Schneeschuhwanderung durchs Wildschutzgebiet";"Mettmen";"GL";"";0;55.0;2.0;80.0;80.0;"tief";47.1248124;8.9981412
"https://www.schweizer-wanderwege.ch/de/wandervorschlaege/3522/Schneeschuhrunde-uber-die-Lombachalp";"Schneeschuhrunde über die Lombachalp";"Habkern, Lombachalp-Roteschwand — Kemmeriboden";"BE";"";0;400.0;13.8;570.0;1150.0;"hoch";0.0;0.0
"https://www.schweizer-wanderwege.ch/de/wandervorschlaege/3523/Kurzwanderung-auf-dem-Simplonpass";"Kurzwanderung auf dem Simplonpass";"Simplon, Monte Leone — Simplon Dorf, Hospiz-Niederalp";"VS";"";0;60.0;3.2;30.0;155.0;"tief";46.2457365;8.0238739
"https://www.schweizer-wanderwege.ch/de/wandervorschlaege/3524/Ohne-Steigung-zu-den-Simmenfallen";"Ohne Steigung zu den Simmenfällen";"Lenk im Simmental";"BE";"";0;170.0;9.5;75.0;75.0;"mittel";46.4579692;7.4437345
"https://www.schweizer-wanderwege.ch/de/wandervorschlaege/3525/Verschneite-Hochebene-im-Domleschg";"Verschneite Hochebene im Domleschg";"Mutta";"GR";"";0;110.0;5.1;155.0;155.0;"tief";46.70513;8.9996169
